,video_title,video_link,video_views,video_duration,video_availability,channel_id
420,Tabitha Brown on Black Ancestors Being Vegan | Ep. 81 | CLUB SHAY SHAY,https://www.youtube.com/watch?v=9EDeDLfTLzU,3520,1:11,1,UCQoxJOkwaCgyzQtiuAIDcuw
452,Omarion Isn’t Sensitive But Aware | Ep. 79 | CLUB SHAY SHAY,https://www.youtube.com/watch?v=Lw2sn1BN4Bc,3661,2:24,1,UCQoxJOkwaCgyzQtiuAIDcuw
201,"DJ Khaled, Jeff Bezos, Bill Gates and Steve Jobs All Have Something In Common - Started In A Garage",https://www.youtube.com/watch?v=RrnZ0eKHKJM,3896,1:26,1,UCQoxJOkwaCgyzQtiuAIDcuw
415,Tabitha Brown On Being the Social Media Oprah | Ep. 81 | CLUB SHAY SHAY,https://www.youtube.com/watch?v=EjNZUCeBgnY,4333,1:51,1,UCQoxJOkwaCgyzQtiuAIDcuw
431,Timbaland Was Happy To Make $3K | Ep. 80 | CLUB SHAY SHAY,https://www.youtube.com/watch?v=jbHR7x1raQQ,4747,5:27,1,UCQoxJOkwaCgyzQtiuAIDcuw
419,Tabitha Brown On Making $30K A Year & Thought She Was Balling | Ep. 81 | CLUB SHAY SHAY,https://www.youtube.com/watch?v=pgxMdpO70FI,5577,4:00,1,UCQoxJOkwaCgyzQtiuAIDcuw
451,"Omarion’s Mom Did Usher, Kirk Franklin & Jermaine Dupri’s Hair & Omarion Rapped Like P. Diddy",https://www.youtube.com/watch?v=2RpXXnGlJXs,5594,1:59,1,UCQoxJOkwaCgyzQtiuAIDcuw
181,Denzel Washington & Eddie Murphy Receive Their Flowers From DaBaby | CLUB SHAY SHAY,https://www.youtube.com/watch?v=wWGBZgwvttA,5616,2:22,1,UCQoxJOkwaCgyzQtiuAIDcuw
424,Tabitha Brown on being Vegan: 'Thought it was for White women who did yoga' | CLUB SHAY SHAY,https://www.youtube.com/watch?v=36ez0uspsKs,5644,2:03,1,UCQoxJOkwaCgyzQtiuAIDcuw
414,"Tabitha Brown's Mom Wouldn't Change Being Sick: ""God has trusted me, he knows I can handle it.""",https://www.youtube.com/watch?v=UdiP-K94w20,5684,3:10,1,UCQoxJOkwaCgyzQtiuAIDcuw
225,"Megan Thee Stallion, Gunna, Blueface, DaBaby, Roddy Ricch - Cordae's 2019 XXL Freshman Class Updates",https://www.youtube.com/watch?v=ko0XrttWlZw,5690,5:15,1,UCQoxJOkwaCgyzQtiuAIDcuw
336,"Chris Brown Performed Sisqó’s ""Thong Song"" At 7-Years-Old | EP. 86 | CLUB SHAY SHAY",https://www.youtube.com/watch?v=3Vn8R1_J6Gs,5721,1:27,1,UCQoxJOkwaCgyzQtiuAIDcuw
450,"Omarion On Kids, Daughter Wanting To Meet Beyoncé & Taking Son To See Usher | CLUB SHAY SHAY",https://www.youtube.com/watch?v=dYZkGG465xo,6520,2:48,1,UCQoxJOkwaCgyzQtiuAIDcuw
455,Omarion on Pros & Cons of Dating & Having A Kid on Love & Hip Hop: Hollywood | CLUB SHAY SHAY,https://www.youtube.com/watch?v=ZzMWlxcylIY,7038,2:31,1,UCQoxJOkwaCgyzQtiuAIDcuw
437,LeBron James & Missy Elliott Similarities - Timbaland explains | Ep. 80 | CLUB SHAY SHAY,https://www.youtube.com/watch?v=ELCKeweIpqE,7249,4:38,1,UCQoxJOkwaCgyzQtiuAIDcuw
377,"GloRilla, Chloe Bailey & Finesse2tymes Fans Going Too Far & Jacquees on Travis Scott's AstroWorld",https://www.youtube.com/watch?v=E00w7MeJmAQ,7264,2:49,1,UCQoxJOkwaCgyzQtiuAIDcuw
392,Jacquees Tells Shannon Sharpe A Story Of Money From $30K Stash Being Stolen By Friend | Ep. 83,https://www.youtube.com/watch?v=Ba6WG6J23pw,7326,1:37,1,UCQoxJOkwaCgyzQtiuAIDcuw
384,"Chris Brown, Beyoncé, Usher & Whitney Houston are among Jacquees’ Kings & Queens of R&B | Ep. 83",https://www.youtube.com/watch?v=SAZ-HZlnyNo,7328,1:54,1,UCQoxJOkwaCgyzQtiuAIDcuw
434,Timbaland on Working With Elton John | Ep. 80 | CLUB SHAY SHAY,https://www.youtube.com/watch?v=AaBz1Vk3evM,7620,4:02,1,UCQoxJOkwaCgyzQtiuAIDcuw
376,"Shannon Sharpe & Jacquees Talk Independency, YouTube Fame vs. Industry Fame & Signing with Birdman",https://www.youtube.com/watch?v=cOFYuH2sofs,7627,5:43,1,UCQoxJOkwaCgyzQtiuAIDcuw
413,Shannon Gives Tabitha Brown A 1 Star As An Uber Driver & Talks Her Stand Up Comedy Career,https://www.youtube.com/watch?v=0pyIPdIxgAw,7932,4:46,1,UCQoxJOkwaCgyzQtiuAIDcuw
423,Tabitha Brown & Chance Agree With Steve Harvey That Blending A Family Is Hard | Ep. 81,https://www.youtube.com/watch?v=5SeOVdV-Qjo,7945,2:28,1,UCQoxJOkwaCgyzQtiuAIDcuw
188,DaBaby Wants Deion Sanders To Coach The Carolina Panthers After He Wins A Championship With Colorado,https://www.youtube.com/watch?v=ZYZMStaVYMc,7949,2:44,1,UCQoxJOkwaCgyzQtiuAIDcuw
403,Ne-Yo & Shannon Sharpe on Toxic Masculinity | Ep. 82 | CLUB SHAY SHAY,https://www.youtube.com/watch?v=1BlIZd7B0AU,8107,2:26,1,UCQoxJOkwaCgyzQtiuAIDcuw
453,Omarion learned from UFC Fighters Israel Adesanya & Kamaru Usman: 'Defeat teaches you so much',https://www.youtube.com/watch?v=KrtalRXzngs,8129,1:53,1,UCQoxJOkwaCgyzQtiuAIDcuw
382,21 Savage Grew Up With Jacquees & Future Only Executive Producing For Kanye West & Jacquees | Ep. 83,https://www.youtube.com/watch?v=pZ46Z_kRuS4,8262,2:33,1,UCQoxJOkwaCgyzQtiuAIDcuw
496,"‘TikTokers make more money than drug dealers' — Mendeecees on mentorship, value of internet | Ep. 77",https://www.youtube.com/watch?v=5Dn7CiGwCSQ,8381,1:40,1,UCQoxJOkwaCgyzQtiuAIDcuw
418,Tabitha Brown Teaches Shannon Sharpe About Veganism | Ep. 81 | CLUB SHAY SHAY,https://www.youtube.com/watch?v=Yn28OAkHkcQ,8449,7:33,1,UCQoxJOkwaCgyzQtiuAIDcuw
220,Cordae On Selling 19K-25K Albums The First Week | CLUB SHAY SHAY,https://www.youtube.com/watch?v=RcxsRfoV3S0,8743,1:09,1,UCQoxJOkwaCgyzQtiuAIDcuw
325,Chris Brown Jokes That Jacquees Is The King Of R&B | CLUB SHAY SHAY,https://www.youtube.com/watch?v=Ff0100ONp-E,8896,2:05,1,UCQoxJOkwaCgyzQtiuAIDcuw
326,Chris Brown Explains Why Kyrie Irving Is His Favorite NBA Player | CLUB SHAY SHAY,https://www.youtube.com/watch?v=IHLi_Apk57k,8942,2:41,1,UCQoxJOkwaCgyzQtiuAIDcuw
379,"Jacquees & Shannon Sharpe Talk Entanglements, Public Relationships & Gift Giving | CLUB SHAY SHAY",https://www.youtube.com/watch?v=P7BuFx56UrM,9206,4:38,1,UCQoxJOkwaCgyzQtiuAIDcuw
218,"Juice WRLD's Death Hit Cordae Hard and Lessons Learned From Pop Smoke, Young Dolph & PnB Rock",https://www.youtube.com/watch?v=hVzp7B1xAz4,9401,5:44,1,UCQoxJOkwaCgyzQtiuAIDcuw
440,"Timbaland Compares Aaliyah to Beyoncé, Rihanna & Nicki Minaj | Ep. 80 | CLUB SHAY SHAY",https://www.youtube.com/watch?v=zCE5JFxmPS4,9418,1:09,1,UCQoxJOkwaCgyzQtiuAIDcuw
425,Tabitha Brown on Good and Bad Business Deals | Ep. 81 | CLUB SHAY SHAY,https://www.youtube.com/watch?v=U41GDiMo_o4,9433,8:45,1,UCQoxJOkwaCgyzQtiuAIDcuw
34,Kountry Wayne Paid For Ex-Wife's Birthday Trip | CLUB SHAY SHAY,https://www.youtube.com/watch?v=DOXUOUvLUb0,9484,12:29,1,UCQoxJOkwaCgyzQtiuAIDcuw
421,"Tabitha Brown On Companies Taking Her Kindness For Weakness, Trying To Change Her & Being Upset",https://www.youtube.com/watch?v=zgQx3JtLpLs,9545,4:45,1,UCQoxJOkwaCgyzQtiuAIDcuw
186,"DaBaby Lists Cam Newton, Steve Smith Sr. And Julius Peppers As The Greatest Panthers Of All Time",https://www.youtube.com/watch?v=YphFD-vI6Tg,9547,2:15,1,UCQoxJOkwaCgyzQtiuAIDcuw
395,Ne-Yo on Negative Comments About Him On Social Media & Responding to DMs | CLUB SHAY SHAY,https://www.youtube.com/watch?v=XwXjKNtdQpE,9611,0:49,1,UCQoxJOkwaCgyzQtiuAIDcuw
457,Omarion on Catfish Victim from Dr. Phil saying they were Getting Married & Sent Money | Ep. 79,https://www.youtube.com/watch?v=Za1vgcVrkxM,9877,2:50,1,UCQoxJOkwaCgyzQtiuAIDcuw
144,"Kevin Durant, Devin Booker And Bradley Beal Need A Point Guard To Win A Championship",https://www.youtube.com/watch?v=K9gwYAjGsv0,10055,1:31,1,UCQoxJOkwaCgyzQtiuAIDcuw
221,Chance The Rapper And Eminem Gave Cordae Big Breaks When They Did Songs With Him | CLUB SHAY SHAY,https://www.youtube.com/watch?v=lFPlH3SOEMc,10211,5:06,1,UCQoxJOkwaCgyzQtiuAIDcuw
123,Kirk Franklin’s Trauma From Being Adopted | CLUB SHAY SHAY,https://www.youtube.com/watch?v=K18n6SQeupA,10476,22:14,1,UCQoxJOkwaCgyzQtiuAIDcuw
330,Chris Brown Shares The Pros and Cons Of A.I. In Music: He Wants to Figure Out How to License Voice,https://www.youtube.com/watch?v=JznR0CVpmaQ,10669,1:06,1,UCQoxJOkwaCgyzQtiuAIDcuw
436,Timbaland Didn’t Like Missy Elliott & Ludacris’ song “One Minute Man” | Ep. 80 | CLUB SHAY SHAY,https://www.youtube.com/watch?v=U4oDeDei-_Q,10770,1:20,1,UCQoxJOkwaCgyzQtiuAIDcuw
456,Omarion On Bow Wow Not Getting The Credit He Deserves | Ep. 79 | CLUB SHAY SHAY,https://www.youtube.com/watch?v=f6ejBbAfG_Q,10930,1:23,1,UCQoxJOkwaCgyzQtiuAIDcuw
205,Dr. Dre Turned Down Michael Jackson And Prince - DJ Khaled reacts | CLUB SHAY SHAY,https://www.youtube.com/watch?v=1eDA-au43c4,10954,1:25,1,UCQoxJOkwaCgyzQtiuAIDcuw
204,"DJ Khaled On Meeting Lil Wayne, Birdman, Rick Ross and Future Before They Blew Up | CLUB SHAY SHAY",https://www.youtube.com/watch?v=jvqSJ5N8SlQ,11127,1:46,1,UCQoxJOkwaCgyzQtiuAIDcuw
219,"Kanye West, Jay-Z, Lil Wayne, Drake, Kendrick Lamar & Nicki Minaj on Cordae's Mt. Rushmores",https://www.youtube.com/watch?v=Rjvtl0xtjgY,11311,2:14,1,UCQoxJOkwaCgyzQtiuAIDcuw
390,Jacquees Explains Why R&B Is Dying: ‘The Top R&B Guys Won’t Collaborate’ | CLUB SHAY SHAY,https://www.youtube.com/watch?v=zgaJiG9E_3M,11348,1:54,1,UCQoxJOkwaCgyzQtiuAIDcuw
400,"Ne-Yo's Kings of R&B: Prince, Michael Jackson, Stevie Wonder, Marvin Gaye & Sammy Davis Jr. | Ep. 82",https://www.youtube.com/watch?v=ySELRFhroes,11371,1:32,1,UCQoxJOkwaCgyzQtiuAIDcuw
131,The Powers of NO - Francis Ngannou and Shannon Sharpe discuss | CLUB SHAY SHAY,https://www.youtube.com/watch?v=hD-Mtu2x10k,11580,2:03,1,UCQoxJOkwaCgyzQtiuAIDcuw
190,"DaBaby Picks LaMelo Ball Over Luka Dončić, Victor Wembanyama, Zion Williamson & Ja Morant",https://www.youtube.com/watch?v=qVLplB0UFl0,11899,2:12,1,UCQoxJOkwaCgyzQtiuAIDcuw
329,Chris Brown Believes He Can Beat J. Cole In Basketball For $100K | EP. 86 | CLUB SHAY SHAY,https://www.youtube.com/watch?v=x7FOpVay4kw,12092,2:49,1,UCQoxJOkwaCgyzQtiuAIDcuw
183,"DaBaby’s Rap Mt. Rushmore Is Himself, 2Pac, Lil Wayne, 50 Cent & Wants To Work w/ Kendrick & Drake",https://www.youtube.com/watch?v=WfYIljdfaQc,12232,7:39,1,UCQoxJOkwaCgyzQtiuAIDcuw
387,Lil Wayne’s influence on the 2000’s Generation from dreads to tattoos via Jacquees | CLUB SHAY SHAY,https://www.youtube.com/watch?v=8YGGtO2WGbQ,12417,2:28,1,UCQoxJOkwaCgyzQtiuAIDcuw
253,"Tommy Davidson Performed Comedy At Worst Strip Club In World, The Next Eddie Murphy & Richard Pryor",https://www.youtube.com/watch?v=a_6BTUpvaJ0,12478,6:27,1,UCQoxJOkwaCgyzQtiuAIDcuw
427,Tabitha Brown on being referred to as 'America's Mom' | Ep. 81 | CLUB SHAY SHAY,https://www.youtube.com/watch?v=fAHXmmqh9ns,12709,1:31,1,UCQoxJOkwaCgyzQtiuAIDcuw
433,Timbaland on Growing Up With Pharrell & Missy Elliott: 'I knew Pharrell would be great' | Ep. 80,https://www.youtube.com/watch?v=l722csOFuHA,12730,7:04,1,UCQoxJOkwaCgyzQtiuAIDcuw
416,"Tabitha Brown: I became Vegan and got thick"" | Ep. 81 | CLUB SHAY SHAY",https://www.youtube.com/watch?v=NEEkza_uKqU,12774,1:43,1,UCQoxJOkwaCgyzQtiuAIDcuw
380,Jacquees Went Broke Buying A Rolex But Came Back Up | Ep. 83 | CLUB SHAY SHAY,https://www.youtube.com/watch?v=yMFAudxo9S8,12872,3:29,1,UCQoxJOkwaCgyzQtiuAIDcuw
296,Dwyane Wade Reveals Conversation With LeBron James About Handing Keys Of The Miami Heat To Him,https://www.youtube.com/watch?v=mWsKPTnfYwQ,13154,4:35,1,UCQoxJOkwaCgyzQtiuAIDcuw
297,Dwyane Wade on Being a First Ballot Hall of Famer | CLUB SHAY SHAY,https://www.youtube.com/watch?v=4S9ldsgr6eo,13183,6:54,1,UCQoxJOkwaCgyzQtiuAIDcuw
214,Shannon Sharpe And Cordae On Overcoming Speech Impediments and Haters | CLUB SHAY SHAY,https://www.youtube.com/watch?v=4_vjUYxY3u8,13394,7:37,1,UCQoxJOkwaCgyzQtiuAIDcuw
396,Ne-Yo's Songs With Brandy Stolen & Leaked | Ep. 82 | CLUB SHAY SHAY,https://www.youtube.com/watch?v=NgFYDM643ro,13461,0:58,1,UCQoxJOkwaCgyzQtiuAIDcuw
37,21 Savage On Mom Working Under the Table As An Illegal Immigrant & Story Of Being Evicted As A Kid,https://www.youtube.com/watch?v=MRTnH8AJe3M,13759,12:15,1,UCQoxJOkwaCgyzQtiuAIDcuw
393,"Jacquees on Young Thug, Gunna & YSL’s RICO: 'Everyday I’m Praying for Thug' | CLUB SHAY SHAY",https://www.youtube.com/watch?v=b18litLxq0g,13861,2:29,1,UCQoxJOkwaCgyzQtiuAIDcuw
242,T.I. Inspiring Shannon Sharpe To Do Stand Up Comedy. Should He Do It? | CLUB SHAY SHAY,https://www.youtube.com/watch?v=f0GSIBl3AQI,14032,2:00,1,UCQoxJOkwaCgyzQtiuAIDcuw
119,Death Row & Kirk Franklin Were Signed To The Same Label At The Same Time | CLUB SHAY SHAY,https://www.youtube.com/watch?v=3cSCIMEmAME,14156,9:38,1,UCQoxJOkwaCgyzQtiuAIDcuw
122,Kirk Franklin's War With God: Me and God have had struggles | CLUB SHAY SHAY,https://www.youtube.com/watch?v=Y00mL5huWX0,14360,3:29,1,UCQoxJOkwaCgyzQtiuAIDcuw
402,Prince & Stevie Wonder Crashed Ne-Yo's Party Uninvited | Ep. 82 | CLUB SHAY SHAY,https://www.youtube.com/watch?v=Q0qACJmL33g,14468,1:28,1,UCQoxJOkwaCgyzQtiuAIDcuw
216,"J. Cole's Advice To Cordae, Best & Worst Purchases and Super Bowl Commercial With Jonah Hill",https://www.youtube.com/watch?v=S4US16GmU6E,14580,12:09,1,UCQoxJOkwaCgyzQtiuAIDcuw
168,Ric Flair Thinks Dwight Howard Wouldn’t Be a Good Wrestler | CLUB SHAY SHAY,https://www.youtube.com/watch?v=I67hYoRHctM,14637,2:18,1,UCQoxJOkwaCgyzQtiuAIDcuw
386,D.C. Young Fly's Evolution From Being Broke To A Superstar by Jacquees | Ep. 83 | CLUB SHAY SHAY,https://www.youtube.com/watch?v=RT7NQWHrw-0,14649,1:17,1,UCQoxJOkwaCgyzQtiuAIDcuw
442,Timbaland on Being Addicted To Pills & Almost Dying | Ep. 80 | CLUB SHAY SHAY,https://www.youtube.com/watch?v=Wji23WJHKmY,14737,9:27,1,UCQoxJOkwaCgyzQtiuAIDcuw
337,Diddy Turned Chris Brown Down | EP. 86 | CLUB SHAY SHAY,https://www.youtube.com/watch?v=3Yh5ZdhT-dw,14900,3:18,1,UCQoxJOkwaCgyzQtiuAIDcuw
429,Timbaland Top 4 Producers of All Time | Ep. 80 | CLUB SHAY SHAY,https://www.youtube.com/watch?v=w-UATJKPyeE,14950,1:39,1,UCQoxJOkwaCgyzQtiuAIDcuw
344,Stephen A. Smith & Shannon Sharpe Give Love To HBCUs For Helping Them Succeed At The Highest Level,https://www.youtube.com/watch?v=lmQ3ybUGzqE,15027,13:50,1,UCQoxJOkwaCgyzQtiuAIDcuw
300,Dwyane Wade should've went to the Nuggets & Carmelo Anthony to the Pistons in the 2003 NBA Draft,https://www.youtube.com/watch?v=T5-UUp_H4cw,15773,1:20,1,UCQoxJOkwaCgyzQtiuAIDcuw
404,Ne-Yo on Taylor Swift & Breakup Songs | Ep. 82 | CLUB SHAY SHAY,https://www.youtube.com/watch?v=8IrPQRxQI2E,15805,3:38,1,UCQoxJOkwaCgyzQtiuAIDcuw
228,LeBron James Trusting Rich Paul & Rich Paul Understanding His Role | CLUB SHAY SHAY,https://www.youtube.com/watch?v=R195BMyZA_Y,15892,2:30,1,UCQoxJOkwaCgyzQtiuAIDcuw
388,Jacquees speaks on his friend Tory Lanez & situation with Megan Thee Stallion | CLUB SHAY SHAY,https://www.youtube.com/watch?v=OsYqOBAzV-Q,16242,3:26,1,UCQoxJOkwaCgyzQtiuAIDcuw
36,21 Savage On Brother Being Stabbed To Death In London & Relationship With Dad | CLUB SHAY SHAY,https://www.youtube.com/watch?v=0LtWhDgupjs,16260,15:22,1,UCQoxJOkwaCgyzQtiuAIDcuw
397,Ne-Yo Celebrates K-pop & BTS | Ep. 82 | CLUB SHAY SHAY,https://www.youtube.com/watch?v=SIoMyrGj17Y,16305,1:58,1,UCQoxJOkwaCgyzQtiuAIDcuw
191,DaBaby Picks LeBron Over Carolina's Own Jordan & Has Draymond On Top 5 Current NBA Players List,https://www.youtube.com/watch?v=UlwUw4N5AKw,17182,2:17,1,UCQoxJOkwaCgyzQtiuAIDcuw
491,"BMF, Snowfall & Power: 'Suburban Kids Love It' — Mendeecees Harris on crime dramas | CLUB SHAY SHAY",https://www.youtube.com/watch?v=dr0W9pjSIk8,17393,2:33,1,UCQoxJOkwaCgyzQtiuAIDcuw
458,"Omarion On Leaving B2K, Drama Surrounding Group & Crying During First Solo Show | CLUB SHAY SHAY",https://www.youtube.com/watch?v=LpiCSyg8Rjw,17743,17:18,1,UCQoxJOkwaCgyzQtiuAIDcuw
398,Ne-Yo on Garbage TikTok Songs | Ep. 82 | CLUB SHAY SHAY,https://www.youtube.com/watch?v=RC8UjgLX73M,17949,3:12,1,UCQoxJOkwaCgyzQtiuAIDcuw
193,DaBaby On Young Thug's Judge Ruling That Lyrics Can Be Used In YSL RICO Case | CLUB SHAY SHAY,https://www.youtube.com/watch?v=1MTu1QsVD8A,18046,1:40,1,UCQoxJOkwaCgyzQtiuAIDcuw
117,"First Grammy Win Stopped by the Church & The Crucification Of Song ""Stomp"": Kirk Franklin Explains",https://www.youtube.com/watch?v=vO7Ofc7qXiE,18101,11:25,1,UCQoxJOkwaCgyzQtiuAIDcuw
206,DJ Khaled’s Dad Came To America With $20 & The Values Khaled's Parents Gave Him | CLUB SHAY SHAY,https://www.youtube.com/watch?v=Vz4RV1P3YgI,18383,9:01,1,UCQoxJOkwaCgyzQtiuAIDcuw
143,LeBron James vs Kevin Durant is like Jordan vs Barkley & Magic vs Isiah | CLUB SHAY SHAY,https://www.youtube.com/watch?v=hJeJPUNSuNA,18695,4:44,1,UCQoxJOkwaCgyzQtiuAIDcuw
304,"Dwyane Wade on Going Into The Hall of Fame w/ Dirk Nowitzki, Tony Parker, Gregg Popovich & Pau Gasol",https://www.youtube.com/watch?v=zP28w1EBNSw,18759,4:58,1,UCQoxJOkwaCgyzQtiuAIDcuw
314,Dwyane Wade on Gabrielle Union's Miscarriages & Having Daughter via Surrogacy | CLUB SHAY SHAY,https://www.youtube.com/watch?v=G01zlErpx40,18827,3:16,1,UCQoxJOkwaCgyzQtiuAIDcuw
391,R. Kelly's Legacy - Jacquees & Shannon Sharpe discuss | Ep. 83 | CLUB SHAY SHAY,https://www.youtube.com/watch?v=JPGAiNG6Drw,18883,1:34,1,UCQoxJOkwaCgyzQtiuAIDcuw
202,DJ Khaled's Visit To Rick Ross' House Turned Dangerous After Getting Lost On Jet Ski At Sea,https://www.youtube.com/watch?v=1klbBWpcx_I,19056,3:02,1,UCQoxJOkwaCgyzQtiuAIDcuw
338,Chris Brown Turned Down Def Jam At 14 B/c They Wouldn’t Talk To His Mom | EP. 86 | CLUB SHAY SHAY,https://www.youtube.com/watch?v=DpZxg5v1QZU,19167,7:30,1,UCQoxJOkwaCgyzQtiuAIDcuw
399,"Ne-Yo Would Sell His Music Catalog: ""I have yet to write my most amazing record"" | CLUB SHAY SHAY",https://www.youtube.com/watch?v=uAvR-v9w61Q,19187,1:16,1,UCQoxJOkwaCgyzQtiuAIDcuw
184,Lil Baby Could've Said DaBaby Was Copying Him | CLUB SHAY SHAY,https://www.youtube.com/watch?v=wsVuZELQfyk,19334,1:57,1,UCQoxJOkwaCgyzQtiuAIDcuw
167,Ric Flair: Logan Paul is Better Than Longtime WWE Wrestlers | CLUB SHAY SHAY,https://www.youtube.com/watch?v=99tQDVb1ov4,19403,1:34,1,UCQoxJOkwaCgyzQtiuAIDcuw
313,Dwyane Wade on the Miami Heat Big 3 Hate & How Losing in The NBA Finals was Good for Them,https://www.youtube.com/watch?v=LEFfJwEg0TU,19899,6:22,1,UCQoxJOkwaCgyzQtiuAIDcuw
302,"Dwyane Wade on Sacrificing For LeBron James, Chris Bosh & the Miami Heat | CLUB SHAY SHAY",https://www.youtube.com/watch?v=5u98kxV7DeI,19979,3:03,1,UCQoxJOkwaCgyzQtiuAIDcuw
215,Michael B. Jordan Public Breakup With Lori Harvey And Cordae Stuck In The Middle At Warriors' Game,https://www.youtube.com/watch?v=fs-_rThtauM,20064,1:18,1,UCQoxJOkwaCgyzQtiuAIDcuw
145,Scottie Pippen Was As Impactful As Michael Jordan On The Bulls - Trevor Ariza discusses,https://www.youtube.com/watch?v=DUqFboH8cWo,20266,3:29,1,UCQoxJOkwaCgyzQtiuAIDcuw
175,Ric Flair Hopes Dallas Cowboys Make Super Bowl And Lose & Aaron Rodgers Is His Favorite NFL Player,https://www.youtube.com/watch?v=4YjRPNjv9BU,20299,2:09,1,UCQoxJOkwaCgyzQtiuAIDcuw
432,Missy Elliott put Timbaland on - The Backstory | Ep. 80 | CLUB SHAY SHAY,https://www.youtube.com/watch?v=tM4q9K6OWkE,20426,9:05,1,UCQoxJOkwaCgyzQtiuAIDcuw
381,Chris Brown Let Jacquees Live With Him After High School & Jacquees Learning From Trey Songz | Ep 83,https://www.youtube.com/watch?v=cvLo7vETyWY,20582,1:15,1,UCQoxJOkwaCgyzQtiuAIDcuw
146,Victor Wembanyama A Better Scorer Than Kevin Durant And Is Victor Bol Bol? Trevor Ariza reacts,https://www.youtube.com/watch?v=mjspYTOU-h0,20738,1:31,1,UCQoxJOkwaCgyzQtiuAIDcuw
124,Kirk Franklin Prays For Shannon Sharpe & The World | CLUB SHAY SHAY,https://www.youtube.com/watch?v=AmxLPsYM0t0,20800,3:48,1,UCQoxJOkwaCgyzQtiuAIDcuw
59,Kountry Wayne’s Dating Tips To 10 Kids | CLUB SHAY SHAY,https://www.youtube.com/watch?v=nqGNnjVenjk,21042,8:03,1,UCQoxJOkwaCgyzQtiuAIDcuw
477,Steve Harvey On Doing Stand Up: 'Cancel Culture too live. My career would be over' | CLUB SHAY SHAY,https://www.youtube.com/watch?v=6eRb5zYRWh8,21272,2:43,1,UCQoxJOkwaCgyzQtiuAIDcuw
474,"Steve Harvey on Bathing In Public Bathrooms, Living In Car & Blowing Up After Showtime At The Apollo",https://www.youtube.com/watch?v=oDiu1yyGlYY,21417,10:29,1,UCQoxJOkwaCgyzQtiuAIDcuw
362,Stephen A. Smith: LeBron James from 2012 to now has an argument to be better than Michael Jordan,https://www.youtube.com/watch?v=n7bb6-8cxak,21755,3:38,1,UCQoxJOkwaCgyzQtiuAIDcuw
439,Timbaland On Meeting Justin Timberlake At 15: 'This White boy cold' | CLUB SHAY SHAY,https://www.youtube.com/watch?v=CeRZbup8OSw,22065,4:23,1,UCQoxJOkwaCgyzQtiuAIDcuw
241,Jamie Foxx Receives His Flowers And Reaction To His Health Scare - Bruce Bruce | CLUB SHAY SHAY,https://www.youtube.com/watch?v=ts5m34RoR2o,22293,1:56,1,UCQoxJOkwaCgyzQtiuAIDcuw
287,"Brittany Renner on Derek Jeter Dating Diamond Hypocrisy, Son Seeing Her Videos & Not Dating NBA Men",https://www.youtube.com/watch?v=TYIQ-qbJqYw,22462,24:14,1,UCQoxJOkwaCgyzQtiuAIDcuw
435,Shannon pitches Timbaland a Verzuz Battle: Usher vs. Chris Brown: 'It would be good for the culture',https://www.youtube.com/watch?v=_ich9INZOlE,22505,14:15,1,UCQoxJOkwaCgyzQtiuAIDcuw
252,"Black TV Will Never Be Like The 1990s With Martin, Living Single or In Living Color",https://www.youtube.com/watch?v=bLnIIegl6bM,22541,3:23,1,UCQoxJOkwaCgyzQtiuAIDcuw
417,Tabitha Brown Receives Her Flowers From Husband Chance | Ep. 81 | CLUB SHAY SHAY,https://www.youtube.com/watch?v=xfSIJzMNyZs,22568,23:11,1,UCQoxJOkwaCgyzQtiuAIDcuw
359,"Stephen A. Smith Picks Jayson Tatum Over Luka Dončić, Agree? | EP. 85 | CLUB SHAY SHAY",https://www.youtube.com/watch?v=AA_rPHxqF_E,22806,1:09,1,UCQoxJOkwaCgyzQtiuAIDcuw
223,DaBaby Harsh Criticism And Cordae Extending His Hand To Support | CLUB SHAY SHAY,https://www.youtube.com/watch?v=ObrNmHF9QEs,23307,2:05,1,UCQoxJOkwaCgyzQtiuAIDcuw
412,"Chance on Tabitha Brown: ""I thought she was a little crazy. I was attracted to crazy""",https://www.youtube.com/watch?v=Tv053o_7gdQ,23438,22:49,1,UCQoxJOkwaCgyzQtiuAIDcuw
209,DJ Khaled Missed Drake's DM Before He Blew Up & DJ Khaled Regrets It | CLUB SHAY SHAY,https://www.youtube.com/watch?v=JAdNJzBY6UE,23768,1:42,1,UCQoxJOkwaCgyzQtiuAIDcuw
333,Chris Brown's Lap Dance Caused Man To Break Up With Girlfriend | EP. 86 | CLUB SHAY SHAY,https://www.youtube.com/watch?v=JyED4XQhSzA,24189,1:33,1,UCQoxJOkwaCgyzQtiuAIDcuw
222,"Cordae Stopped Doing Acid, Xanax, Percs, Drinking Lean, and Declined Blunts From Legends",https://www.youtube.com/watch?v=yKmjTef_5Vo,24312,1:55,1,UCQoxJOkwaCgyzQtiuAIDcuw
116,"Kirk Franklin On Being Girl Crazy, Having Son At 17, Being Homeless & Bathing At Church",https://www.youtube.com/watch?v=rn6Qj1GzmNI,24411,9:24,1,UCQoxJOkwaCgyzQtiuAIDcuw
385,T-Pain Made Ella Mai Hate Jacquees 'Trip' Remix & Jacquees compares it to Lil Wayne & YG | Ep. 83,https://www.youtube.com/watch?v=ZLj7oiODT50,24426,2:30,1,UCQoxJOkwaCgyzQtiuAIDcuw
306,Dwyane Wade On Being Behind Jordan & Kobe As The 3rd Best Shooting Guard: “I'm mad I'm not first”,https://www.youtube.com/watch?v=GwuJKLBfIkc,24471,4:42,1,UCQoxJOkwaCgyzQtiuAIDcuw
128,"Mike Tyson & Jon Jones Headline Francis Ngannou's Mt. Rushmores for MMA & Boxing, Who's On Yours?",https://www.youtube.com/watch?v=xBL0fjV8zlw,24642,6:43,1,UCQoxJOkwaCgyzQtiuAIDcuw
194,"DaBaby Still Mad At Friend Who Didn’t Take Gun Charge At Rodeo Drive, Beverly Hills Arresting",https://www.youtube.com/watch?v=YOmVA7qZAxk,24797,5:34,1,UCQoxJOkwaCgyzQtiuAIDcuw
447,Missy Elliott Made Timbaland Make 100 Beats Before She Picked One | CLUB SHAY SHAY,https://www.youtube.com/watch?v=MRrpJZaFYqc,24955,4:38,1,UCQoxJOkwaCgyzQtiuAIDcuw
328,Chris Brown On Growing Up A Dallas Cowboys Fan | EP. 86 | CLUB SHAY SHAY,https://www.youtube.com/watch?v=L810Afg9YgY,25314,1:52,1,UCQoxJOkwaCgyzQtiuAIDcuw
466,Steve Harvey is not worried about competition: 'There's room at the top' | Ep. 78 | CLUB SHAY SHAY,https://www.youtube.com/watch?v=RGcarrf3RCE,25382,2:18,1,UCQoxJOkwaCgyzQtiuAIDcuw
389,Jacquees on Quavo & Offset’s Beef And Takeoff’s Passing | EP. 83 | CLUB SHAY SHAY,https://www.youtube.com/watch?v=OArvnAf5IU4,25675,1:38,1,UCQoxJOkwaCgyzQtiuAIDcuw
207,DJ Khaled Lost 20 lbs | CLUB SHAY SHAY,https://www.youtube.com/watch?v=sd23NrpCjkA,25694,7:28,1,UCQoxJOkwaCgyzQtiuAIDcuw
142,Russell Westbrook Put Up All-Star Numbers On Los Angeles Lakers and Still Received Unfair Criticism,https://www.youtube.com/watch?v=k--T_cnYx2M,25711,2:59,1,UCQoxJOkwaCgyzQtiuAIDcuw
463,Omarion on dating multiple women and finding the “perfect” woman | Ep. 79 | CLUB SHAY SHAY,https://www.youtube.com/watch?v=vSedOB-vReg,25715,3:08,1,UCQoxJOkwaCgyzQtiuAIDcuw
129,Francis Ngannou Wants Idris Elba To Play His Life Story | CLUB SHAY SHAY,https://www.youtube.com/watch?v=_ndnVP0jq7Q,25742,2:35,1,UCQoxJOkwaCgyzQtiuAIDcuw
27,"Usher, Jay-Z, Pharrell & Diddy Were Almost a Super Group | CLUB SHAY SHAY",https://www.youtube.com/watch?v=WxQDKLCiR1s,26145,8:39,1,UCQoxJOkwaCgyzQtiuAIDcuw
217,Bill Gates Shows Love To Cordae After No. 1 TED Talk Of Year | CLUB SHAY SHAY,https://www.youtube.com/watch?v=Fmva4c8TpNo,26610,6:17,1,UCQoxJOkwaCgyzQtiuAIDcuw
185,DaBaby’s Best & Worst Purchases: “Worst purchase might be investing others.” | CLUB SHAY SHAY,https://www.youtube.com/watch?v=HpifwHzfLMQ,26883,3:50,1,UCQoxJOkwaCgyzQtiuAIDcuw
288,"Love & Hip Hop, Joe Budden & Kaylin Garcia Convinced Brittany Renner Open Relationship = the Answer",https://www.youtube.com/watch?v=ExjBFwcKHZw,26944,6:30,1,UCQoxJOkwaCgyzQtiuAIDcuw
410,Ne-Yo on Drake's AI-Generated Songs: “I don’t understand the positive aspect of it” | CLUB SHAY SHAY,https://www.youtube.com/watch?v=prwq_643M1o,27273,2:33,1,UCQoxJOkwaCgyzQtiuAIDcuw
245,D.C. Young Fly Is On Bruce Bruce’s Mt. Rushmore For Today’s Comedians | CLUB SHAY SHAY,https://www.youtube.com/watch?v=JDP8igltAP8,27332,3:48,1,UCQoxJOkwaCgyzQtiuAIDcuw
164,Shannon Sharpe Tells Ric Flair He Thought About Being A Wrestler | CLUB SHAY SHAY,https://www.youtube.com/watch?v=4Wuh-tqVTL4,27625,2:38,1,UCQoxJOkwaCgyzQtiuAIDcuw
443,Timbaland on Justin Timberlake Selling Music Catalog for $100M | Ep. 80 | CLUB SHAY SHAY,https://www.youtube.com/watch?v=d_575AZMNc4,27694,2:47,1,UCQoxJOkwaCgyzQtiuAIDcuw
235,LeBron Gave Rich Paul An Opportunity Like White Men Get | CLUB SHAY SHAY,https://www.youtube.com/watch?v=y4j2VdhPb0Y,27881,1:06,1,UCQoxJOkwaCgyzQtiuAIDcuw
383,Jacquees Clears Up Cash Money Not Paying Artists Rumors & Why Birdman Is A Good CEO | Ep. 83,https://www.youtube.com/watch?v=0NtNFhF-Zvg,27995,3:37,1,UCQoxJOkwaCgyzQtiuAIDcuw
486,"Steve Harvey on Having High Blood Pressure, An Immune Disorder & Sleep Apnea (Oprah Joke) | Ep. 78",https://www.youtube.com/watch?v=o-P0DxcP8Ak,28553,5:47,1,UCQoxJOkwaCgyzQtiuAIDcuw
173,"Ric Flair's Trash Talk Mt. Rushmore: Muhammad Ali, Deion Sanders, The Rock, Michael Jordan, and More",https://www.youtube.com/watch?v=22zTkHSRz5w,29161,3:09,1,UCQoxJOkwaCgyzQtiuAIDcuw
441,Timbaland Inspired To Workout From Shannon Sharpe & The Rock: '50 is the new 20s & 30s.' | Ep. 80,https://www.youtube.com/watch?v=7siyVLWDOdw,29465,6:27,1,UCQoxJOkwaCgyzQtiuAIDcuw
58,Kountry Wayne Shows Love To Kevin Hart & Cedric The Entertainer | CLUB SHAY SHAY,https://www.youtube.com/watch?v=PSoRFJgjxCo,29485,9:30,1,UCQoxJOkwaCgyzQtiuAIDcuw
57,"Katt Williams, Chris Tucker, The Kings Comedy & Eddie Murphy Are Kountry Wayne's GOATs - You Agree?",https://www.youtube.com/watch?v=qW_gyDkpkrE,29672,7:45,1,UCQoxJOkwaCgyzQtiuAIDcuw
334,Chris Brown Reacts To Druski Applauding Him For Being Focused While Surrounded By Women,https://www.youtube.com/watch?v=iA-6DPsvaAQ,29713,2:29,1,UCQoxJOkwaCgyzQtiuAIDcuw
366,Tabitha Brown’s Shocking Conversation With Shannon Sharpe Before He Left Skip Bayless & Undisputed,https://www.youtube.com/watch?v=sAUP2Uf7oCc,30138,3:49,1,UCQoxJOkwaCgyzQtiuAIDcuw
454,Omarion on meeting Prince & Michael Jackson for the first time | Ep. 79 | CLUB SHAY SHAY,https://www.youtube.com/watch?v=-2XMgmJtIrc,30282,1:29,1,UCQoxJOkwaCgyzQtiuAIDcuw
407,Shannon Sharpe Explodes On Lucky Daye For Sleeping In Ne-Yo's Bed | Ep. 82 | CLUB SHAY SHAY,https://www.youtube.com/watch?v=xxRiTbiqtyk,30312,3:06,1,UCQoxJOkwaCgyzQtiuAIDcuw
166,"Andre The Giant's Insane Stories: Drinking 106 Beers, Suffocating Wrestler & More By Ric Flair",https://www.youtube.com/watch?v=jNJG3pFR34I,30379,4:14,1,UCQoxJOkwaCgyzQtiuAIDcuw
460,"Omarion ranks Chris Brown, Usher & Himself on the R&B Mt. Rushmore | Ep. 79 | CLUB SHAY SHAY",https://www.youtube.com/watch?v=ifBoBpEkKiU,30510,3:49,1,UCQoxJOkwaCgyzQtiuAIDcuw
26,Usher Turned Down Eddie Murphy And DREAMGIRLS | CLUB SHAY SHAY,https://www.youtube.com/watch?v=Y1ruT1Bscg4,30651,7:33,1,UCQoxJOkwaCgyzQtiuAIDcuw
165,Ric Flair Turned Down James Bond and Talks About The Rock & John Cena Being Movie Stars,https://www.youtube.com/watch?v=t92jhhiiztU,30730,1:48,1,UCQoxJOkwaCgyzQtiuAIDcuw
340,Chris Brown on Ja Morant: People Make Mistakes | CLUB SHAY SHAY,https://www.youtube.com/watch?v=uRwQOJe8Wjg,30988,5:10,1,UCQoxJOkwaCgyzQtiuAIDcuw
499,"Mendeecees: Shot twice, Stabbed 13x & Son almost kidnapped | EP. 77 | CLUB SHAY SHAY",https://www.youtube.com/watch?v=HCujY4O4zGI,31080,1:55,1,UCQoxJOkwaCgyzQtiuAIDcuw
132,Francis Ngannou Remembers First Time in America & Europe: From French Garages to American Hotels,https://www.youtube.com/watch?v=5inmIc7E-3U,32307,14:02,1,UCQoxJOkwaCgyzQtiuAIDcuw
490,P. Diddy & Dame Dash’s impact on Harlem told by New York native Mendeecees | Ep. 77 | CLUB SHAY SHAY,https://www.youtube.com/watch?v=TdOpz0nlDkU,32309,3:33,1,UCQoxJOkwaCgyzQtiuAIDcuw
42,21 Savage & Shannon Sharpe On Freaknik | CLUB SHAY SHAY,https://www.youtube.com/watch?v=ia9CJepNIOM,32369,3:56,1,UCQoxJOkwaCgyzQtiuAIDcuw
152,Kobe Bryant Almost Traded To Chicago Bulls From Lakers - His Legacy Wouldn’t Have Been the Same,https://www.youtube.com/watch?v=cPI-sh_zgj4,32801,7:28,1,UCQoxJOkwaCgyzQtiuAIDcuw
196,DaBaby On His Brother Committing Suicide & Learning To Heal | CLUB SHAY SHAY,https://www.youtube.com/watch?v=WcXhZHk9zmA,33375,8:57,1,UCQoxJOkwaCgyzQtiuAIDcuw
137,Francis Ngannou Defends Conor McGregor | CLUB SHAY SHAY,https://www.youtube.com/watch?v=vORFTohdNRU,33516,1:50,1,UCQoxJOkwaCgyzQtiuAIDcuw
198,DaBaby’s Verse Was Better Than Jay-Z’s on Kanye West's ‘Jail’ Says Lil Yachty & DaBaby,https://www.youtube.com/watch?v=_c9O9Dj3hig,33535,5:53,1,UCQoxJOkwaCgyzQtiuAIDcuw
459,Omarion on being signed to Lil Wayne & Rick Ross | Ep. 79 | CLUB SHAY SHAY,https://www.youtube.com/watch?v=S8jVe1ieG2k,34050,3:04,1,UCQoxJOkwaCgyzQtiuAIDcuw
405,Ne-Yo Breaks Down Rihanna’s “Unfaithful” Lyrics | Ep. 82 | CLUB SHAY SHAY,https://www.youtube.com/watch?v=bWvWWULkFZ0,34800,2:15,1,UCQoxJOkwaCgyzQtiuAIDcuw
448,Timbaland was shot while working at Red Lobster & was paralyzed for almost 2 years | CLUB SHAY SHAY,https://www.youtube.com/watch?v=0jWdtOOu1AQ,35027,2:52,1,UCQoxJOkwaCgyzQtiuAIDcuw
158,"Trevor Ariza Explains Why LeBron James, Carmelo Anthony and Dwight Howard on the Lakers Didn’t Work",https://www.youtube.com/watch?v=V4ZT8jCKMmY,35128,1:48,1,UCQoxJOkwaCgyzQtiuAIDcuw
430,Timbaland on making $500K for a beat & turning artists down: 'Ego got the best of me' | Ep. 80,https://www.youtube.com/watch?v=5_y1gIz0YtA,35192,8:35,1,UCQoxJOkwaCgyzQtiuAIDcuw
180,DaBaby is a Marketing Genius for Wearing a Diaper | CLUB SHAY SHAY,https://www.youtube.com/watch?v=uBFW-B-Ugrk,35605,3:52,1,UCQoxJOkwaCgyzQtiuAIDcuw
462,Omarion teaches Shannon how to be an unbothered king after blowup at Lakers-Grizzlies game | Ep. 79,https://www.youtube.com/watch?v=O3jwzR5ryS0,35657,7:32,1,UCQoxJOkwaCgyzQtiuAIDcuw
50,21 Savage On Dating Publicly | CLUB SHAY SHAY,https://www.youtube.com/watch?v=UuNaR43a5Rg,36303,2:08,1,UCQoxJOkwaCgyzQtiuAIDcuw
229,LeBron Leaving Top Sports Agency CAA For Rich Paul’s Klutch Sports | CLUB SHAY SHAY,https://www.youtube.com/watch?v=qaW6aIAlRqI,36396,5:11,1,UCQoxJOkwaCgyzQtiuAIDcuw
1,Mo’Nique On Being Fat & Shannon Sharpe On Being Black With A Stutter | CLUB SHAY SHAY,https://www.youtube.com/watch?v=YbGdBPKjNik,36969,11:20,1,UCQoxJOkwaCgyzQtiuAIDcuw
445,Timbaland on Jay-Z's $2.5 Billion Net Worth: 'He's a Prophet. God sent him. He's not human' | Ep. 80,https://www.youtube.com/watch?v=7URxSX8VxRE,37012,3:40,1,UCQoxJOkwaCgyzQtiuAIDcuw
156,LeBron James Scored 52 Points On Trevor Ariza In High School After His Uncle Called ‘Bron Overrated,https://www.youtube.com/watch?v=f8JuBhmqZc4,37050,1:14,1,UCQoxJOkwaCgyzQtiuAIDcuw
244,"Dave Chappelle Walking Away From $50M, Transgender Jokes & SNL Monologue - Bruce Bruce reacts",https://www.youtube.com/watch?v=E5kAfmmnGYI,37512,2:27,1,UCQoxJOkwaCgyzQtiuAIDcuw
255,"Bill Cosby, Eddie Murphy, Richard Pryor and Redd Foxx Top Tommy Davidson's Mt. Rushmore Comedians",https://www.youtube.com/watch?v=VjbJKRmKE7U,37518,3:43,1,UCQoxJOkwaCgyzQtiuAIDcuw
483,Steve Harvey & Shannon Sharpe On Growing Up In Country & Going To Bathroom Outside | Ep. 78,https://www.youtube.com/watch?v=d2di8OZd0TQ,37520,2:50,1,UCQoxJOkwaCgyzQtiuAIDcuw
498,"‘Ja Morant, stop acting like a tough guy.’ – Mendeecees | EP. 77 | CLUB SHAY SHAY",https://www.youtube.com/watch?v=VuVH4qFxYUM,37543,2:52,1,UCQoxJOkwaCgyzQtiuAIDcuw
488,Mendeecees gives his wife Yandy her flowers: “She’s a ride or die” | Ep. 77 | CLUB SHAY SHAY,https://www.youtube.com/watch?v=79dAiCJNj9o,37964,4:56,1,UCQoxJOkwaCgyzQtiuAIDcuw
482,Steve Harvey almost passed on 'The Steve Harvey Show' if Cedric the Entertainer wasn't included,https://www.youtube.com/watch?v=JES1eDIEoRY,37983,2:08,1,UCQoxJOkwaCgyzQtiuAIDcuw
231,James Harden's Use of Player Empowerment Has Cost Him a Lot of Money in Brooklyn and Now Philly,https://www.youtube.com/watch?v=9pDCKRWN4j4,38705,1:31,1,UCQoxJOkwaCgyzQtiuAIDcuw
422,Tabitha Brown & Chance Give Ja Morant Advice As Parents | Ep. 81 | CLUB SHAY SHAY,https://www.youtube.com/watch?v=rXab-8qNPmY,38879,6:08,1,UCQoxJOkwaCgyzQtiuAIDcuw
408,"Ne-Yo on Going Broke After First Deal, Depression & being labeled Baby Tyrese | CLUB SHAY SHAY",https://www.youtube.com/watch?v=kFQqnC23G7U,39334,5:53,1,UCQoxJOkwaCgyzQtiuAIDcuw
493,Mendeecees Was Jealous Of Yandy While In Prison | Ep. 77 | CLUB SHAY SHAY,https://www.youtube.com/watch?v=I0SX0akVLSo,39596,7:15,1,UCQoxJOkwaCgyzQtiuAIDcuw
468,Steve Harvey Jokes About Shannon Sharpe & Kendrick Perkins Country Accent | Ep. 78 | CLUB SHAY SHAY,https://www.youtube.com/watch?v=MWo01lkNet0,39703,0:50,1,UCQoxJOkwaCgyzQtiuAIDcuw
465,Steve Harvey shares what’s wrong with men of this generation | Ep. 78 | CLUB SHAY SHAY,https://www.youtube.com/watch?v=ihUHgDQCQlg,39736,0:40,1,UCQoxJOkwaCgyzQtiuAIDcuw
484,Steve Harvey On Overcoming Stuttering & A Speech Impediment | Ep. 78 | CLUB SHAY SHAY,https://www.youtube.com/watch?v=ilvt_rRKkqM,39800,10:19,1,UCQoxJOkwaCgyzQtiuAIDcuw
157,Lil Wayne Says Anthony Davis Should Be Traded From Los Angeles Lakers - Trevor Ariza Reacts,https://www.youtube.com/watch?v=GN6-h3R45SM,40252,1:43,1,UCQoxJOkwaCgyzQtiuAIDcuw
247,"Bernie Mac Got Paid $10K A Show, Inspired Bruce Bruce & Joke Stealing In Comedy | CLUB SHAY SHAY",https://www.youtube.com/watch?v=S3lrTpjLXJo,40841,4:34,1,UCQoxJOkwaCgyzQtiuAIDcuw
467,"Steve Harvey Explains Why He Put on Cedric the Entertainer, Rickey Smiley, Earthquake & DL Hughley",https://www.youtube.com/watch?v=eBJJtLgLkOE,40878,3:19,1,UCQoxJOkwaCgyzQtiuAIDcuw
267,Marshawn Lynch Brought Bill Clinton To The Hood | CLUB SHAY SHAY,https://www.youtube.com/watch?v=AJ9KPrYsvy4,40978,1:35,1,UCQoxJOkwaCgyzQtiuAIDcuw
259,Dave Chappelle Was Scared Of Tommy Davidson And His Crew In Washington D.C. | CLUB SHAY SHAY,https://www.youtube.com/watch?v=YwkNgdbVZNk,41344,2:21,1,UCQoxJOkwaCgyzQtiuAIDcuw
357,Stephen A. Smith Jokes With Shannon Sharpe: Floyd Mayweather Is More Michael Jordan Than LeBron,https://www.youtube.com/watch?v=tMCFN91R3-s,41700,1:18,1,UCQoxJOkwaCgyzQtiuAIDcuw
134,Francis Ngannou's Life is a Movie - From Child Labor In Africa to Immigrating To Europe In 14 Months,https://www.youtube.com/watch?v=09ICjdFuKmM,42115,52:19,1,UCQoxJOkwaCgyzQtiuAIDcuw
63,Kountry Wayne On Dating Celebrities vs Non Celebrities & Paying For Ex Wife's Birthday Trip,https://www.youtube.com/watch?v=81qFKPtKFMs,42460,12:31,1,UCQoxJOkwaCgyzQtiuAIDcuw
350,Stephen A. Smith Says Anthony Davis is Letting LeBron James Down | EP. 85 | CLUB SHAY SHAY,https://www.youtube.com/watch?v=7w2a7g3OQSc,42842,3:53,1,UCQoxJOkwaCgyzQtiuAIDcuw
211,DJ Khaled’s Hilarious Sales Pitch To Damian Lillard To Go To Miami Heat Over Milwaukee Bucks,https://www.youtube.com/watch?v=GKLO2Kcg3cs,43231,2:36,1,UCQoxJOkwaCgyzQtiuAIDcuw
40,21 Savage On 50 Cent Being Shot 9x & Becoming A Rapper Inspired 21 To Do The Same | CLUB SHAY SHAY,https://www.youtube.com/watch?v=-HF3Au2y1FY,43273,8:37,1,UCQoxJOkwaCgyzQtiuAIDcuw
279,Marshawn Lynch Beat By Taylor Swift For Causing The Biggest Earthquake In Seattle | CLUB SHAY SHAY,https://www.youtube.com/watch?v=rFTOtcjaL7w,43663,2:07,1,UCQoxJOkwaCgyzQtiuAIDcuw
401,Ne-Yo on Hip-Hop Killing R&B | Ep. 82 | CLUB SHAY SHAY,https://www.youtube.com/watch?v=y1zwl2H3PsM,43940,3:56,1,UCQoxJOkwaCgyzQtiuAIDcuw
203,DJ Khaled’s Wife Helped Him Level Up | CLUB SHAY SHAY,https://www.youtube.com/watch?v=-It5B4CkQIY,45387,5:47,1,UCQoxJOkwaCgyzQtiuAIDcuw
39,Kobe Bryant's Death Made 21 Savage's Grammy Win With J. Cole Feel Bittersweet | CLUB SHAY SHAY,https://www.youtube.com/watch?v=aoIh5MOIfeM,45717,8:47,1,UCQoxJOkwaCgyzQtiuAIDcuw
136,Jon Jones Scared To Fight Francis Ngannou? Francis Still Wants To Fight Jon & Calls Jon MMA’s GOAT,https://www.youtube.com/watch?v=quvllC21mTo,46599,5:06,1,UCQoxJOkwaCgyzQtiuAIDcuw
494,"Kingpin & Reality TV Star Perks in Prison: Access to Popeyes, Lobster & Instagram | CLUB SHAY SHAY",https://www.youtube.com/watch?v=Qm0Z26-KU4k,46709,10:02,1,UCQoxJOkwaCgyzQtiuAIDcuw
118,Prince Turned Down By Kirk Franklin Because Of Church Culture | CLUB SHAY SHAY,https://www.youtube.com/watch?v=pL3g4-VzF9I,47021,6:06,1,UCQoxJOkwaCgyzQtiuAIDcuw
48,"21 Savage’s Childhood: Fighting, Evictions, Winning Spelling Bee, Moving From London to East Atlanta",https://www.youtube.com/watch?v=CucJRQjQVdk,47164,1:19:14,1,UCQoxJOkwaCgyzQtiuAIDcuw
0,Mo’Nique on Family Member Molesting Her & Moving Past Trauma | CLUB SHAY SHAY,https://www.youtube.com/watch?v=Hy7BUU-QVps,47668,1:00:23,1,UCQoxJOkwaCgyzQtiuAIDcuw
248,"Jada Pinkett Smith Doesn't Like Will Smith, but Loves His Money - Bruce Bruce Explains",https://www.youtube.com/watch?v=zzsLtOSJ4ZU,47717,1:12,1,UCQoxJOkwaCgyzQtiuAIDcuw
305,Dwyane Wade Hated Beef With Kobe Bryant Once Shaq Came To Miami Heat | CLUB SHAY SHAY,https://www.youtube.com/watch?v=qgU7BIl3Sec,47891,7:11,1,UCQoxJOkwaCgyzQtiuAIDcuw
121,"Kirk Franklin On Discovering Biological Dad At 53, Birth Mom Denying It & Secrets At Black Churches",https://www.youtube.com/watch?v=NoypfR2wLdY,48098,16:24,1,UCQoxJOkwaCgyzQtiuAIDcuw
307,Dwyane Wade Should've Won NBA MVP Over LeBron James in 2008-2009 | CLUB SHAY SHAY,https://www.youtube.com/watch?v=tSCeWfHtWB8,48106,5:20,1,UCQoxJOkwaCgyzQtiuAIDcuw
38,LeBron James Inspires 21 Savage as a Father | CLUB SHAY SHAY,https://www.youtube.com/watch?v=h6e_Fbp5Wvo,48489,15:45,1,UCQoxJOkwaCgyzQtiuAIDcuw
153,Anthony Edwards Is Better Than Nicola Jokic and Is the Best Player in the NBA Says Trevor Ariza,https://www.youtube.com/watch?v=Bf-7Dz7h9zk,49285,3:49,1,UCQoxJOkwaCgyzQtiuAIDcuw
197,DaBaby On Kanye West’s War Advice vs 50 Cent’s Strategic Advice After Rolling Loud | CLUB SHAY SHAY,https://www.youtube.com/watch?v=MqYiHKlohMs,49945,3:24,1,UCQoxJOkwaCgyzQtiuAIDcuw
159,Damian Lillard Shoots A Better Deep Ball Than Steph Curry Says Trevor Ariza | CLUB SHAY SHAY,https://www.youtube.com/watch?v=ww8bOtwRWUU,50178,2:38,1,UCQoxJOkwaCgyzQtiuAIDcuw
492,Yandy Cousin’s Fought Mendeecees’ Baby Mother | Ep. 77 | CLUB SHAY SHAY,https://www.youtube.com/watch?v=DUN3NIukJWQ,51384,4:40,1,UCQoxJOkwaCgyzQtiuAIDcuw
240,BET Gave Bruce Bruce The Bag and New Clothes For ComicView | CLUB SHAY SHAY,https://www.youtube.com/watch?v=QWCOGgnSHps,51465,3:02,1,UCQoxJOkwaCgyzQtiuAIDcuw
318,"Dwyane Wade on LeBron James Saying ""Not 1, Not 2, Not 3..."" Championships in Miami | CLUB SHAY SHAY",https://www.youtube.com/watch?v=wx-SYIDQxSY,51481,7:07,1,UCQoxJOkwaCgyzQtiuAIDcuw
363,Stephen A. Smith Is NOT Working Out With Shannon “That’s like the Rock standing next to Snoop Dogg.”,https://www.youtube.com/watch?v=ruo0VFKAHI8,51487,1:30,1,UCQoxJOkwaCgyzQtiuAIDcuw
345,Stephen A. Smith Knew Skip Bayless Was Auditioning Shannon Sharpe To Replace Him On First Take,https://www.youtube.com/watch?v=fRfTEHiZKAs,52002,2:50,1,UCQoxJOkwaCgyzQtiuAIDcuw
182,DaBaby’s FaceTime With Ja Morant: “I ain’t got no lecture for you. I’m flawed my damn self.”,https://www.youtube.com/watch?v=RiYy5paJCj4,53558,2:35,1,UCQoxJOkwaCgyzQtiuAIDcuw
331,Chris Brown On Opening For Beyoncé & Destiny's Child At 16-Years-Old In Australia | Club Shay Shay,https://www.youtube.com/watch?v=HiWiCm01O_0,53758,3:35,1,UCQoxJOkwaCgyzQtiuAIDcuw
295,Dwyane Wade on Shaq's Impact on His Career | CLUB SHAY SHAY,https://www.youtube.com/watch?v=k0KZaxLaJNE,54154,13:41,1,UCQoxJOkwaCgyzQtiuAIDcuw
310,Dwyane Wade on Michael Jordan & Jimmy Butler Comparisons | CLUB SHAY SHAY,https://www.youtube.com/watch?v=QhqcfSa9ejw,54519,3:28,1,UCQoxJOkwaCgyzQtiuAIDcuw
55,"Kountry Wayne Made $20K A Month Owning A Night Club, Despite Only Being Open 1 Day A Week",https://www.youtube.com/watch?v=_C3EwXyyNFA,54783,3:46,1,UCQoxJOkwaCgyzQtiuAIDcuw
171,Ric Flair Talks Steroid and Drug Use in Wrestling | CLUB SHAY SHAY,https://www.youtube.com/watch?v=s2hUTorDRMY,55111,2:23,1,UCQoxJOkwaCgyzQtiuAIDcuw
35,21 Savage On NFL Players Making Less Than Rappers | CLUB SHAY SHAY,https://www.youtube.com/watch?v=qrwEnCJcTYI,55245,8:39,1,UCQoxJOkwaCgyzQtiuAIDcuw
68,Kountry Wayne’s Friend Robbed $15K From His House | CLUB SHAY SHAY,https://www.youtube.com/watch?v=V_eyfmVDJDM,55521,3:11,1,UCQoxJOkwaCgyzQtiuAIDcuw
303,Dwyane Wade on LeBron James & Carmelo Anthony's Sons Carrying Their Last Names In Basketball,https://www.youtube.com/watch?v=YEO8ICINM3k,55997,2:17,1,UCQoxJOkwaCgyzQtiuAIDcuw
237,"Rich Paul Claims He Can Shoot Like Steph, Klay and Dame. Shannon Sharpe Needs a Drink After That...",https://www.youtube.com/watch?v=Npb8K1uyoZE,56348,2:44,1,UCQoxJOkwaCgyzQtiuAIDcuw
60,Kountry Wayne Fought To Get Daughter Out Of Foster Care | CLUB SHAY SHAY,https://www.youtube.com/watch?v=BHSJg8fKk10,56799,3:01,1,UCQoxJOkwaCgyzQtiuAIDcuw
298,"""LeBron James was better in practice than games."" Dwyane Wade on Taking LeBron for Granted & a GOAT",https://www.youtube.com/watch?v=jyPtT7ROi8s,56811,1:24,1,UCQoxJOkwaCgyzQtiuAIDcuw
125,"50/50 Relationships, Best First Dates, & Open Marriages - Kirk Franklin & Shannon Sharpe Debate",https://www.youtube.com/watch?v=rhWqNozJ1dE,58512,8:48,1,UCQoxJOkwaCgyzQtiuAIDcuw
189,"Patrick Mahomes Isn’t A Top 3 Black QB, But Cam Newton, Mike Vick & Lamar Jackson Are Via DaBaby",https://www.youtube.com/watch?v=L5xQybBieKA,58675,1:09,1,UCQoxJOkwaCgyzQtiuAIDcuw
277,Marshawn Lynch On Destroying Shannon Sharpe’s Broncos In The Super Bowl | CLUB SHAY SHAY,https://www.youtube.com/watch?v=uxvoBy3mpSA,59098,1:46,1,UCQoxJOkwaCgyzQtiuAIDcuw
126,Shannon Sharpe Brushing $130K Veneers 10x A Day Gets Hilarious Reaction From Kirk Franklin,https://www.youtube.com/watch?v=98Jb1m1DDjk,60025,3:44,1,UCQoxJOkwaCgyzQtiuAIDcuw
250,"Biggie, Outkast and Too $hort Name Drop Bruce Bruce In Songs | CLUB SHAY SHAY",https://www.youtube.com/watch?v=Dk7QAh2LEVg,60155,2:07,1,UCQoxJOkwaCgyzQtiuAIDcuw
140,"Francis Ngannou Got Cheated In Tyson Fury Fight, Talks Knock Down & Wants A Rematch | CLUB SHAY SHAY",https://www.youtube.com/watch?v=yOHPOdSpPCU,60321,22:35,1,UCQoxJOkwaCgyzQtiuAIDcuw
258,Wayans Family Receives Their Flowers From Tommy Davidson | CLUB SHAY SHAY,https://www.youtube.com/watch?v=SWphj7YyOB8,60766,8:39,1,UCQoxJOkwaCgyzQtiuAIDcuw
309,"Dwyane Wade's Advice To Ja Morant While Giving Examples Of Kobe, LeBron & Jordan |  CLUB SHAY SHAY",https://www.youtube.com/watch?v=MWhV1HVEHRM,61324,2:48,1,UCQoxJOkwaCgyzQtiuAIDcuw
41,21 Savage Says He’s The Best Rapper In The 2016 XXL Freshman Class | CLUB SHAY SHAY,https://www.youtube.com/watch?v=slTM0Y_OLZ4,61629,9:41,1,UCQoxJOkwaCgyzQtiuAIDcuw
199,DaBaby Says $200M Loss From Rolling Loud Incident Was A Blessing In Disguise | CLUB SHAY SHAY,https://www.youtube.com/watch?v=PC_bVk9rNPQ,61755,6:41,1,UCQoxJOkwaCgyzQtiuAIDcuw
461,Omarion Shoots His Shot at Nia Long | Ep. 79 | CLUB SHAY SHAY,https://www.youtube.com/watch?v=SZprCDG_JwA,61756,2:19,1,UCQoxJOkwaCgyzQtiuAIDcuw
65,Kountry Wayne On Witnessing Mom’s Death at 11 Years Old & Details Her Final Moments | CLUB SHAY SHAY,https://www.youtube.com/watch?v=hYKPed3KmPE,63734,9:14,1,UCQoxJOkwaCgyzQtiuAIDcuw
497,Gunna’s Plea Deal & Snitch Allegations: ‘Successful Black Men Become Targets’ | EP. 77,https://www.youtube.com/watch?v=GoMNG9zMQlI,64983,5:34,1,UCQoxJOkwaCgyzQtiuAIDcuw
406,Beyoncé’s 'Irreplaceable' (To The Left) Was Turned Down By Top Female Artists | CLUB SHAY SHAY,https://www.youtube.com/watch?v=9pbaHc8hy_c,65167,3:02,1,UCQoxJOkwaCgyzQtiuAIDcuw
351,Stephen A. Smith: I Will Cancel a Woman in a Heartbeat That Talks About My Business | CLUB SHAY SHAY,https://www.youtube.com/watch?v=FQvhXcWAlN4,65213,3:32,1,UCQoxJOkwaCgyzQtiuAIDcuw
169,Vince McMahon vs Walt Disney & WWE Mad Ric Flair Went To AEW | CLUB SHAY SHAY,https://www.youtube.com/watch?v=RdXx_VuunEk,65619,3:35,1,UCQoxJOkwaCgyzQtiuAIDcuw
25,Usher & LeBron James Won a Ring for Cleveland and The Cavaliers | CLUB SHAY SHAY,https://www.youtube.com/watch?v=H_e1WRV-YPM,65799,2:45,1,UCQoxJOkwaCgyzQtiuAIDcuw
236,Rich Paul Clears His ESPN First Take Comments & Explains How Black Agents Negatively Treated Him,https://www.youtube.com/watch?v=p6jaiAJY9Cs,66006,4:05,1,UCQoxJOkwaCgyzQtiuAIDcuw
79,Katt Williams Smokes More Than Snoop Dogg and Had a Professional Blunt Roller First | CLUB SHAY SHAY,https://www.youtube.com/watch?v=4mF6QpiQGH0,66334,1:09,1,UCQoxJOkwaCgyzQtiuAIDcuw
355,"Stephen A. Smith Clears Up His ""Steph Over Magic"" Comments & Talks Argument With Michael Jordan",https://www.youtube.com/watch?v=uyfTETZ73HY,66975,2:49,1,UCQoxJOkwaCgyzQtiuAIDcuw
120,"Michael Jackson's Raw Vocals, Whitney Houston & Stevie Wonder: Kirk Franklin's Work With Legends",https://www.youtube.com/watch?v=oKLiCj5B1HI,67330,11:39,1,UCQoxJOkwaCgyzQtiuAIDcuw
148,"LeBron, Kobe, Dwight Howard, Chris Paul and Pau Gasol: Trevor Ariza’s Starting 5 Of Former Teammates",https://www.youtube.com/watch?v=gfEbO1oITdo,67338,5:04,1,UCQoxJOkwaCgyzQtiuAIDcuw
358,Stephen A. Smith on Zion Williamson: “If Zion was in New York…we’d see a more dedicated Zion.”,https://www.youtube.com/watch?v=4xwXR2VC20M,68100,2:24,1,UCQoxJOkwaCgyzQtiuAIDcuw
227,LeBron James Has Lost Rich Paul Clients at Klutch Sports | CLUB SHAY SHAY,https://www.youtube.com/watch?v=rQ06ZZ6U8Fc,68699,2:59,1,UCQoxJOkwaCgyzQtiuAIDcuw
49,"21 Savage Creates Dream R&B Album: Beyoncé, Summer Walker, Coco Jones, HER, Avant, Joe, Jagged Edge",https://www.youtube.com/watch?v=pi7y7F0jl24,69931,4:18,1,UCQoxJOkwaCgyzQtiuAIDcuw
187,DaBaby Played Rugby | CLUB SHAY SHAY,https://www.youtube.com/watch?v=fyjfXGe2GH8,69968,5:06,1,UCQoxJOkwaCgyzQtiuAIDcuw
23,Usher Answers R&B's Burning Question: Who's The King of R&B? Is R&B Dead? | CLUB SHAY SHAY,https://www.youtube.com/watch?v=OS-AWPi-RDs,71313,12:18,1,UCQoxJOkwaCgyzQtiuAIDcuw
312,Dwyane Wade Defends Dwight Howard | CLUB SHAY SHAY,https://www.youtube.com/watch?v=CX-DgURXQuo,71444,1:13,1,UCQoxJOkwaCgyzQtiuAIDcuw
346,Stephen A. Smith & Shannon Sharpe Pick Dwight Howard’s Career Over Anthony Davis’ | CLUB SHAY SHAY,https://www.youtube.com/watch?v=fXbZVwnzsjA,71724,1:30,1,UCQoxJOkwaCgyzQtiuAIDcuw
257,Tommy Davidson On Bombing “In Living Color” Audition and Competing With Jamie Foxx & Jim Carrey,https://www.youtube.com/watch?v=iZr3rof5Kos,71974,31:14,1,UCQoxJOkwaCgyzQtiuAIDcuw
174,Ric Flair Details Surviving Horrific Plane Crash: A Gripping Account of Triumph Over Tragedy,https://www.youtube.com/watch?v=2MKWLOmhm_0,71993,8:03,1,UCQoxJOkwaCgyzQtiuAIDcuw
311,Dwyane Wade reacts to LeBron James Considering Retirement This Offseason | CLUB SHAY SHAY,https://www.youtube.com/watch?v=waVA_zYE4sk,72137,5:21,1,UCQoxJOkwaCgyzQtiuAIDcuw
316,"Dwyane Wade on Daughter Zaya & Thinking LeBron, Carmelo & His Son Would Play Basketball Together",https://www.youtube.com/watch?v=iupHhywi79E,72197,19:33,1,UCQoxJOkwaCgyzQtiuAIDcuw
299,Dwyane Wade to LeBron James: You Don't Want Pat Riley Coaching the Big 3 Heat | CLUB SHAY SHAY,https://www.youtube.com/watch?v=4In6EUYiEpY,73229,2:34,1,UCQoxJOkwaCgyzQtiuAIDcuw
378,Shannon Sharpe on Ja Morant & the Black Community: 'We're no long policing each other' | Ep. 83,https://www.youtube.com/watch?v=lGie3pymt_Q,73270,1:04,1,UCQoxJOkwaCgyzQtiuAIDcuw
301,Dwyane Wade's Advice To Carmelo Anthony On Retirement & Melo Not Having A Ring | CLUB SHAY SHAY,https://www.youtube.com/watch?v=7UIm3JEiYR4,73892,5:21,1,UCQoxJOkwaCgyzQtiuAIDcuw
246,Steve Harvey Changed Bruce Bruce’s Life | CLUB SHAY SHAY,https://www.youtube.com/watch?v=pEoY1KUSJMY,74225,5:17,1,UCQoxJOkwaCgyzQtiuAIDcuw
260,P. Diddy Was Tommy Davidson’s Assistant & Beat Someone Up | CLUB SHAY SHAY,https://www.youtube.com/watch?v=Hif-4GgjEO4,74447,2:27,1,UCQoxJOkwaCgyzQtiuAIDcuw
370,Stephen A. Smith To Shannon Sharpe: “We’re going to be No. 1” | EP. 85 | CLUB SHAY SHAY,https://www.youtube.com/watch?v=arVgceiZQpI,75734,2:42,1,UCQoxJOkwaCgyzQtiuAIDcuw
147,Trevor Ariza's Altercation With Los Angeles Clippers By Going Through Staples Center Secret Passage,https://www.youtube.com/watch?v=vApHwwOnhtc,76372,1:42,1,UCQoxJOkwaCgyzQtiuAIDcuw
154,Draymond Green’s Fights With Rudy Gobert & Jordan Poole - Hilarious Takes By Shannon & Trevor Ariza,https://www.youtube.com/watch?v=vCSz_6Rf8WU,76790,3:43,1,UCQoxJOkwaCgyzQtiuAIDcuw
332,"Chris Brown On Cancel Culture, Kelly Rowland Defending Him, & Grammy Awards Stopping His Performance",https://www.youtube.com/watch?v=PfV6mhW_o8U,76913,6:27,1,UCQoxJOkwaCgyzQtiuAIDcuw
339,"Chris Brown Has 15,000 Unreleased Songs | EP. 86 | CLUB SHAY SHAY",https://www.youtube.com/watch?v=R1XuGyE4kIQ,78598,6:29,1,UCQoxJOkwaCgyzQtiuAIDcuw
151,“Dwight Howard was too goofy.” - Trevor Ariza Explains Silliness Hurting Dwight Unlike Magic Johnson,https://www.youtube.com/watch?v=JetYbU8OLrA,80853,1:27,1,UCQoxJOkwaCgyzQtiuAIDcuw
280,Marshawn Lynch On If He Should Be In The Hall Of Fame: “F*ck yeah.” | CLUB SHAY SHAY,https://www.youtube.com/watch?v=9wXW1lclkG8,82334,3:27,1,UCQoxJOkwaCgyzQtiuAIDcuw
172,Ric Flair Kidnapped by Child Traffickers & Gets Emotional Talking About Adoptive Parents,https://www.youtube.com/watch?v=Z5YUJwTroSQ,84248,9:41,1,UCQoxJOkwaCgyzQtiuAIDcuw
489,Finesse2tymes Diamond Handcuff Bracelets Not A Good Look: 'You can keep that s***' | CLUB SHAY SHAY,https://www.youtube.com/watch?v=VDYUN4x2KVs,84265,3:19,1,UCQoxJOkwaCgyzQtiuAIDcuw
349,Stephen A. Smith On Damian Lillard & James Harden Requesting To Be Traded | EP. 85 | CLUB SHAY SHAY,https://www.youtube.com/watch?v=GugQjsuZBMA,85467,3:50,1,UCQoxJOkwaCgyzQtiuAIDcuw
88,Katt Williams On Kevin Hart Buying ComicView | CLUB SHAY SHAY,https://www.youtube.com/watch?v=laihGOBWHak,85861,4:43,1,UCQoxJOkwaCgyzQtiuAIDcuw
475,"Steve Harvey defends his stance on claiming his wife ""belongs"" to him | Ep. 78 | CLUB SHAY SHAY",https://www.youtube.com/watch?v=a3IMzvVJA6I,86093,4:11,1,UCQoxJOkwaCgyzQtiuAIDcuw
472,"Steve Harvey's Advice To Deshaun Watson: ""No problem with getting a massage but stop turning over""",https://www.youtube.com/watch?v=mFgIRFYJ_lU,88328,1:21,1,UCQoxJOkwaCgyzQtiuAIDcuw
161,Kobe Bryant Is Better Than LeBron James & Michael Jordan Says Trevor Ariza | CLUB SHAY SHAY,https://www.youtube.com/watch?v=LOJXSASwXRc,89785,1:56,1,UCQoxJOkwaCgyzQtiuAIDcuw
274,Marshawn Lynch On Marriage | CLUB SHAY SHAY,https://www.youtube.com/watch?v=oIPTf_tAHdg,91141,2:52,1,UCQoxJOkwaCgyzQtiuAIDcuw
480,"Steve Harvey Had $1,700 In His Account After Kings of Comedy | Ep. 78 | CLUB SHAY SHAY",https://www.youtube.com/watch?v=BNm1yrSWwY0,91147,10:01,1,UCQoxJOkwaCgyzQtiuAIDcuw
471,"Bill Cosby, Muhammad Ali's Influence On Steve Harvey & Steve Crying After First Time On Comedy Stage",https://www.youtube.com/watch?v=fLeI71NLjf4,91354,12:14,1,UCQoxJOkwaCgyzQtiuAIDcuw
263,Jada Pinkett Smith Made Tommy Davidson Stop Filming A Movie To Call His Birth Mom | CLUB SHAY SHAY,https://www.youtube.com/watch?v=R2aW3Z1-_OQ,92056,13:06,1,UCQoxJOkwaCgyzQtiuAIDcuw
327,Chris Brown On Owning His Masters Since 29-Years-Old & Never Selling His Catalog But Leasing It,https://www.youtube.com/watch?v=fYBugTgiIlU,94009,1:42,1,UCQoxJOkwaCgyzQtiuAIDcuw
149,Kobe Bryant Had Sleepless Nights When Shaq Won A Ring In Miami Before Him In LA Says Trevor Ariza,https://www.youtube.com/watch?v=vsJuplXleQA,94054,6:55,1,UCQoxJOkwaCgyzQtiuAIDcuw
133,Francis Ngannou’s Illegal Immigration: 14 Month Trek To Paris Through the Sahara & Mediterranean,https://www.youtube.com/watch?v=sw7iduteQvc,96389,14:01,1,UCQoxJOkwaCgyzQtiuAIDcuw
238,LeBron's Lack of Mamba Mentality is Why He's Disrespected. LeBron’s Too Nice Unlike Jordan & Kobe,https://www.youtube.com/watch?v=ZTQtTQgGRJc,96486,3:49,1,UCQoxJOkwaCgyzQtiuAIDcuw
66,Kountry Wayne’s Crazy Drug Dealing Stories & Selling Drugs With Dad and Brother | CLUB SHAY SHAY,https://www.youtube.com/watch?v=CtvAApMdDYg,97468,12:03,1,UCQoxJOkwaCgyzQtiuAIDcuw
178,Ric Flair's Best Catchphrases and He Stuns Shannon Sharpe with a Ring-Worthy Performance at 74,https://www.youtube.com/watch?v=K-0b7EwbuaE,97758,3:37,1,UCQoxJOkwaCgyzQtiuAIDcuw
45,"21 Savage’s Top 5 Atlanta Rappers: Young Thug, Future, T.I., Gucci Mane, Outkast | CLUB SHAY SHAY",https://www.youtube.com/watch?v=jrl-CGnggt0,98744,8:54,1,UCQoxJOkwaCgyzQtiuAIDcuw
232,LeBron's Had Haters Since $100M Contract & Flying On Jay-Z's Private Jet via Rich Paul,https://www.youtube.com/watch?v=OtzH_92e3p4,100012,3:22,1,UCQoxJOkwaCgyzQtiuAIDcuw
138,Francis Ngannou Wants To Fight Deontay Wilder & Anthony Joshua: He Beat Fury Who's Better Than Both,https://www.youtube.com/watch?v=uJZxxL2UCb4,100755,4:59,1,UCQoxJOkwaCgyzQtiuAIDcuw
11,Mo’Nique Strongly Disagrees With Shaq That Men Shouldn't Open Up To Women | CLUB SHAY SHAY,https://www.youtube.com/watch?v=rlBOxo9mbqI,102446,2:10,1,UCQoxJOkwaCgyzQtiuAIDcuw
315,Dwyane Wade Answers if LeBron James Should've Won Rookie of the Year Over Carmelo Anthony,https://www.youtube.com/watch?v=wfORGO-KVf0,102593,3:00,1,UCQoxJOkwaCgyzQtiuAIDcuw
438,Timbaland on R. Kelly: 'He's the King of R&B' | Ep. 80 | CLUB SHAY SHAY,https://www.youtube.com/watch?v=b3kqxPayP8w,103225,2:07,1,UCQoxJOkwaCgyzQtiuAIDcuw
270,Marshawn Lynch’s Confederate Flag & Hennessy Story In Buffalo Bills Bar | CLUB SHAY SHAY,https://www.youtube.com/watch?v=nGUhETKoj-8,104011,2:16,1,UCQoxJOkwaCgyzQtiuAIDcuw
323,Dwyane Wade Explains Why LeBron James Never Gets Hurt: His Mind Is Why He's So Great,https://www.youtube.com/watch?v=kXJHs5rI59s,104012,3:21,1,UCQoxJOkwaCgyzQtiuAIDcuw
254,Tommy Davidson On Meeting Dave Chappelle And Martin Lawerence In Washington D.C. Club,https://www.youtube.com/watch?v=dsDSUS5SmhY,104110,1:45,1,UCQoxJOkwaCgyzQtiuAIDcuw
224,Megan Thee Stallion's Career Since Tory Lanez's Shooting via Cordae | CLUB SHAY SHAY,https://www.youtube.com/watch?v=39VQwsDxDmE,105301,2:22,1,UCQoxJOkwaCgyzQtiuAIDcuw
394,"Jacquees on Gunna, Tory Lanez & King of R&B | Episode 83 | CLUB SHAY SHAY",https://www.youtube.com/watch?v=vBVJqsmwOug,105544,1:23:22,1,UCQoxJOkwaCgyzQtiuAIDcuw
155,Chris Paul Won’t Win A Ring With The Golden State Warriors Says Former Rockets Teammate Trevor Ariza,https://www.youtube.com/watch?v=9ymxLpBlUFo,106767,3:59,1,UCQoxJOkwaCgyzQtiuAIDcuw
317,"Dwyane Wade On Cursing LeBron Out, Losing NBA Finals To Dirk Nowitzki, J.J. Barea & Dallas Mavericks",https://www.youtube.com/watch?v=rhRv1K8l0Js,106987,2:17,1,UCQoxJOkwaCgyzQtiuAIDcuw
226,"Cordae Shares The Greatest Financial Advice From J. Cole, Talks Gunna in Jail and Giving a TED Talk",https://www.youtube.com/watch?v=sxxLLgVbuxA,108023,1:26:20,1,UCQoxJOkwaCgyzQtiuAIDcuw
5,Mo'Nique Tells Shannon Sharpe To Stop Dating Young Women | CLUB SHAY SHAY,https://www.youtube.com/watch?v=AjGrRzHSykg,108213,8:15,1,UCQoxJOkwaCgyzQtiuAIDcuw
446,"Drake, Jay-Z & Chris Brown told Timbaland to Stop doing Interviews while on Drugs | Ep. 80",https://www.youtube.com/watch?v=2_CGGxDTmtM,108734,4:42,1,UCQoxJOkwaCgyzQtiuAIDcuw
292,Brittany Renner's Broke NBA Player Date Story | CLUB SHAY SHAY,https://www.youtube.com/watch?v=cr7WiD0rv2A,109162,8:33,1,UCQoxJOkwaCgyzQtiuAIDcuw
24,Usher on Michael Jackson Giving Him Best Compliment Ever After Dancing With MJ Without Air Force 1s,https://www.youtube.com/watch?v=JqWm3xOGYAY,109540,4:54,1,UCQoxJOkwaCgyzQtiuAIDcuw
373,Dwyane Wade explains why Gabrielle Union signed a prenup | EP. 84 | CLUB SHAY SHAY,https://www.youtube.com/watch?v=Iy2lJpLG5y8,109647,1:30,1,UCQoxJOkwaCgyzQtiuAIDcuw
272,"Marshawn Lynch On Having 3.2 GPA With Grillz, Tattoos and Dreads | CLUB SHAY SHAY",https://www.youtube.com/watch?v=yy7s6FUl4aQ,110273,4:40,1,UCQoxJOkwaCgyzQtiuAIDcuw
69,Kountry Wayne Pays $1M Salary To Actor/Producer to Work 4 Days/20 Hours A Month | CLUB SHAY SHAY,https://www.youtube.com/watch?v=kqTv4LU19ns,111011,29:23,1,UCQoxJOkwaCgyzQtiuAIDcuw
243,Snoop Dogg and Dr. Dre Had Bruce Bruce Nervous In The Wash | CLUB SHAY SHAY,https://www.youtube.com/watch?v=-2PfPyDokJI,111609,1:20,1,UCQoxJOkwaCgyzQtiuAIDcuw
341,Chris Brown On Zion Williamson’s Girl Problems | EP. 86 | CLUB SHAY SHAY,https://www.youtube.com/watch?v=SB6Au7raBYY,111955,2:36,1,UCQoxJOkwaCgyzQtiuAIDcuw
210,DJ Khaled On 50 Cent's Beef With Fat Joe And Not Shaking Tony Yayo's Hand | CLUB SHAY SHAY,https://www.youtube.com/watch?v=IOv1rwNSwGo,113301,4:31,1,UCQoxJOkwaCgyzQtiuAIDcuw
176,Ric Flair Defends LeBron James & Picks King James Over Michael Jordan | CLUB SHAY SHAY,https://www.youtube.com/watch?v=hb2ad82OF-c,113594,3:51,1,UCQoxJOkwaCgyzQtiuAIDcuw
29,Usher's CONFESSIONS Album's Truth Revealed - Is It About Jermaine Dupri or Him? | CLUB SHAY SHAY,https://www.youtube.com/watch?v=UnRMG8CyEds,118409,15:13,1,UCQoxJOkwaCgyzQtiuAIDcuw
269,Marshawn Lynch Talks Benefits Of NFL Players Smoking Cannabis | CLUB SHAY SHAY,https://www.youtube.com/watch?v=JFcnLQZQdsE,118599,6:23,1,UCQoxJOkwaCgyzQtiuAIDcuw
485,Steve Harvey On Lori Harvey: “Sh*t done got out of hand” l Ep. 78 | CLUB SHAY SHAY,https://www.youtube.com/watch?v=bancD98xrAQ,118819,2:04,1,UCQoxJOkwaCgyzQtiuAIDcuw
360,"Stephen A. Smith On Lonzo Ball, NBA/NFL Players Attacking His Sources| EP. 85 | CLUB SHAY SHAY",https://www.youtube.com/watch?v=3eP1i8d73Pg,122876,3:59,1,UCQoxJOkwaCgyzQtiuAIDcuw
234,Rich Paul Convinced LeBron to Return to the Cleveland Cavaliers and Why LeBron Left for the Lakers,https://www.youtube.com/watch?v=LhjGjP9Ye98,123215,4:42,1,UCQoxJOkwaCgyzQtiuAIDcuw
365,Stephen A. Smith's Night Ruined With Woman By Tim Tebow & Why He Hates The Dallas Cowboys,https://www.youtube.com/watch?v=FWGS8ZBr8yU,123603,2:12,1,UCQoxJOkwaCgyzQtiuAIDcuw
212,DJ Khaled Doesn’t Trust Accountants or Money Managers | CLUB SHAY SHAY,https://www.youtube.com/watch?v=eWrLANCdvv4,124242,3:52,1,UCQoxJOkwaCgyzQtiuAIDcuw
354,Stephen A. Smith on James Harden: He has 0 championships to show for ALL of his demands,https://www.youtube.com/watch?v=tOTBuY3qm4s,126429,2:33,1,UCQoxJOkwaCgyzQtiuAIDcuw
56,Kountry Wayne Had A 500 Credit Score & Got A $10K Bank Loan | CLUB SHAY SHAY,https://www.youtube.com/watch?v=6h0x4FgDDco,126619,6:42,1,UCQoxJOkwaCgyzQtiuAIDcuw
139,"Francis Ngannou On Dana White & Leaving UFC: Without Fighters, There's No UFC | CLUB SHAY SHAY",https://www.youtube.com/watch?v=3lfd0mds_eQ,127438,13:27,1,UCQoxJOkwaCgyzQtiuAIDcuw
343,Stephen A. Smith Tells Shannon Sharpe He Knew When It Was Over For Him At Fox Sports 1,https://www.youtube.com/watch?v=oReW2WqRX3c,129054,7:32,1,UCQoxJOkwaCgyzQtiuAIDcuw
67,"Kountry Wayne Bought BBL Then Broke Up, Talks Cheesecake Factory & Buying Woman’s Friends Dinner",https://www.youtube.com/watch?v=2PINZACTf4g,130002,10:16,1,UCQoxJOkwaCgyzQtiuAIDcuw
44,21 Savage: “Gucci Mane made me hate Young Jeezy as a child.” | CLUB SHAY SHAY,https://www.youtube.com/watch?v=VMIVTNYgHmI,134501,5:02,1,UCQoxJOkwaCgyzQtiuAIDcuw
273,Marshawn Lynch Fined $1.2M+ By The NFL & The Birth Of The “I’m Here So I Won’t Get Fined”,https://www.youtube.com/watch?v=sMp4Q2bR7Vs,134523,3:14,1,UCQoxJOkwaCgyzQtiuAIDcuw
46,21 Savage Reacts To Snoop Dogg Receiving $45K For A Billion Streams | CLUB SHAY SHAY,https://www.youtube.com/watch?v=3_Aqtc2PN6o,139329,9:17,1,UCQoxJOkwaCgyzQtiuAIDcuw
62,Kountry Wayne Spends $250K Monthly Shooting Skits (300 a Month) & Making $700K+ (In a Slow Month),https://www.youtube.com/watch?v=BbJsOaw7IQM,140979,17:38,1,UCQoxJOkwaCgyzQtiuAIDcuw
233,Why LeBron James Didn't Pick New York Knicks Over Los Angeles Lakers via Rich Paul | CLUB SHAY SHAY,https://www.youtube.com/watch?v=gvYfIsOODnA,141249,2:07,1,UCQoxJOkwaCgyzQtiuAIDcuw
30,"Usher on Diddy’s Flavor Camp, Performing With Biggie & Being A Child Star In New York City",https://www.youtube.com/watch?v=oEpbwuZ1NGg,145202,21:35,1,UCQoxJOkwaCgyzQtiuAIDcuw
275,"Marshawn Lynch On Sister Being Gay, Initial Negative Reaction & Righting Wrongs In Movie ""Bottoms""",https://www.youtube.com/watch?v=4_xYkKkvngE,147218,6:02,1,UCQoxJOkwaCgyzQtiuAIDcuw
32,Usher on Jay-Z’s 5AM Phone Call & Super Bowl Halftime Show Being His Michael Jackson Moment,https://www.youtube.com/watch?v=R7tt5Ml3NaQ,148728,9:58,1,UCQoxJOkwaCgyzQtiuAIDcuw
70,"Kountry Wayne’s Biggest Purchases: Bel Air House, Atlanta Compound, Rolls Royce, Maybach, Apartments",https://www.youtube.com/watch?v=Ko5zDxgz8do,150491,16:03,1,UCQoxJOkwaCgyzQtiuAIDcuw
8,Mo’Nique’s Trailer Blew Up On Set Of ALMOST CHRISTMAS & She Talks Terrible Experience W/ Will Packer,https://www.youtube.com/watch?v=lF-p5gmSb-U,150511,7:42,1,UCQoxJOkwaCgyzQtiuAIDcuw
276,Marshawn Lynch On Buffalo Police Always Pulling Him Over & Being The Reason He Left The Bills,https://www.youtube.com/watch?v=NFKJGWiu9o4,153024,5:20,1,UCQoxJOkwaCgyzQtiuAIDcuw
75,Women Cheat More Than Men? Kountry Wayne’s Schooling Leaves Shannon Sharpe Speechless,https://www.youtube.com/watch?v=8hNJBxyeas0,153182,8:28,1,UCQoxJOkwaCgyzQtiuAIDcuw
28,"Usher on Babysitting Beyoncé, Destiny’s Child & Discovering Justin Bieber | CLUB SHAY SHAY",https://www.youtube.com/watch?v=9rf5mUn3XM8,153774,6:50,1,UCQoxJOkwaCgyzQtiuAIDcuw
249,“Will Smith would’ve never ran up on Trick Daddy.” - Bruce Bruce | CLUB SHAY SHAY,https://www.youtube.com/watch?v=vmSosOTlTPY,154419,3:55,1,UCQoxJOkwaCgyzQtiuAIDcuw
353,Stephen A. Smith On LeBron James: We’re Going to Miss Him When He’s Gone | EP. 85 | Club Shay Shay,https://www.youtube.com/watch?v=s8jBu4Dxyag,155987,6:01,1,UCQoxJOkwaCgyzQtiuAIDcuw
322,"Dwyane Wade on Carmelo Anthony, Allen Iverson & Damian Lillard Not Having A Ring | CLUB SHAY SHAY",https://www.youtube.com/watch?v=7iEQXleXinM,157587,4:04,1,UCQoxJOkwaCgyzQtiuAIDcuw
268,Marshawn Lynch On Growing Up In Oakland With Damian Lillard | CLUB SHAY SHAY,https://www.youtube.com/watch?v=WgpQBc_IKi0,158484,1:54,1,UCQoxJOkwaCgyzQtiuAIDcuw
87,Katt Williams On Strippers | CLUB SHAY SHAY,https://www.youtube.com/watch?v=NlmZPpIRjGk,163274,1:47,1,UCQoxJOkwaCgyzQtiuAIDcuw
347,Ja Morant's $60M Loss - Stephen A. & Shannon Discuss The Things Ja Shouldn’t Be Doing With His Dad,https://www.youtube.com/watch?v=A0tMChSLtIU,165353,4:34,1,UCQoxJOkwaCgyzQtiuAIDcuw
71,Kountry Wayne Made $20M In 3 Years On Social Media | CLUB SHAY SHAY,https://www.youtube.com/watch?v=lr-Bz6KIFiE,168626,36:41,1,UCQoxJOkwaCgyzQtiuAIDcuw
4,Mo'Nique: Everybody wanted to be Professor Oglevee | CLUB SHAY SHAY,https://www.youtube.com/watch?v=Df-fIsv18s8,169041,9:02,1,UCQoxJOkwaCgyzQtiuAIDcuw
476,"Steve Harvey on Samuel L. Jackson, Morgan Freeman & Himself making it after 40 | CLUB SHAY SHAY",https://www.youtube.com/watch?v=QZXap2rN-Kw,171277,12:50,1,UCQoxJOkwaCgyzQtiuAIDcuw
96,"Katt Williams Shows Love To Young Comedians: D.C. Young Fly, Desi Banks, Jess Hilarious and More",https://www.youtube.com/watch?v=LdVRcz5THbA,174491,1:14,1,UCQoxJOkwaCgyzQtiuAIDcuw
364,Shannon Sharpe Comes At Stephen A. Smith For Saying He’s Going To Beat Him Down On First Take,https://www.youtube.com/watch?v=9o1ZvQLNkDg,174946,15:23,1,UCQoxJOkwaCgyzQtiuAIDcuw
72,Kountry Wayne Spends $300K A Month To Run Empire With 10 Kids & 5 Baby Mamas | CLUB SHAY SHAY,https://www.youtube.com/watch?v=oQ4Qyf8IfsU,176042,20:59,1,UCQoxJOkwaCgyzQtiuAIDcuw
324,Dwyane Wade on Telling Gabrielle Union He Was Having A Kid With Another Woman | CLUB SHAY SHAY,https://www.youtube.com/watch?v=0a6Zv4Bu2cQ,178464,5:04,1,UCQoxJOkwaCgyzQtiuAIDcuw
473,Steve Harvey Breaks Down 3 Marriages & 2 Divorces | Ep. 78 | CLUB SHAY SHAY,https://www.youtube.com/watch?v=VgdXLgpbcUc,180180,16:36,1,UCQoxJOkwaCgyzQtiuAIDcuw
289,"Brittany Renner On Dating Shaq & Kevin Samuels Rumors, Basketball Wives, 50/50 & Signing a Prenup",https://www.youtube.com/watch?v=IgdFHQDTZM4,182959,8:44,1,UCQoxJOkwaCgyzQtiuAIDcuw
444,Shannon Sharpe receives GOLD plaque for Club Shay Shay reaching 1M subscribers | CLUB SHAY SHAY,https://www.youtube.com/watch?v=rJhpN1vnPU0,186592,0:57,1,UCQoxJOkwaCgyzQtiuAIDcuw
262,"Tommy Davidson Jealous of Jamie Foxx at Times, He Clears The Air On Their Relationship",https://www.youtube.com/watch?v=fhr03M4Kcwo,193889,9:49,1,UCQoxJOkwaCgyzQtiuAIDcuw
53,21 Savage on Yo Gotti’s Brother’s Murder in Memphis & Rick Ross’ Comments About Putting Guns Down,https://www.youtube.com/watch?v=Cup3xAgHbQ4,194576,2:34,1,UCQoxJOkwaCgyzQtiuAIDcuw
195,DaBaby On Rappers Dying In Hometown Like Young Dolph | CLUB SHAY SHAY,https://www.youtube.com/watch?v=Mnp7UWHYBRs,195927,10:09,1,UCQoxJOkwaCgyzQtiuAIDcuw
97,Katt Williams on Friday After Next and Bringing Money Mike to Life | CLUB SHAY SHAY,https://www.youtube.com/watch?v=dBxV_tpSZgQ,197087,18:47,1,UCQoxJOkwaCgyzQtiuAIDcuw
469,Steve Harvey Wouldn't Be Mad if 50 Cent Dogged Him but It Would Hurt if Cedric the Entertainer Did,https://www.youtube.com/watch?v=vh5y6-Rigoc,198289,12:34,1,UCQoxJOkwaCgyzQtiuAIDcuw
77,Katt Williams on Earthquake | CLUB SHAY SHAY,https://www.youtube.com/watch?v=w4Dq5Eba7PU,200374,4:37,1,UCQoxJOkwaCgyzQtiuAIDcuw
367,"Shannon Sharpe on Departure From Skip Bayless, Undisputed & Fox Sports 1| EP. 85 | CLUB SHAY SHAY",https://www.youtube.com/watch?v=1JbyJR5zAVM,200945,4:14,1,UCQoxJOkwaCgyzQtiuAIDcuw
7,Mo'Nique on Brother Molesting Her & Generational Trauma | CLUB SHAY SHAY,https://www.youtube.com/watch?v=XpT8z2HHtyU,202425,18:38,1,UCQoxJOkwaCgyzQtiuAIDcuw
115,"Best of 2023 with Steve Harvey, Deion Sanders, Stephen A. Smith and more! | CLUB SHAY SHAY",https://www.youtube.com/watch?v=1yW_v1i7fvk,205039,1:25:33,1,UCQoxJOkwaCgyzQtiuAIDcuw
278,Marshawn Lynch On Jail & Media Painting Him As A Thug | CLUB SHAY SHAY,https://www.youtube.com/watch?v=g5swu4tLU3U,206372,5:27,1,UCQoxJOkwaCgyzQtiuAIDcuw
361,Stephen A. Smith: “I don’t believe in Anthony Davis.” | EP. 85 | CLUB SHAY SHAY,https://www.youtube.com/watch?v=XQpd1Ukeq5g,208781,3:53,1,UCQoxJOkwaCgyzQtiuAIDcuw
308,Gabrielle Union Kicked Dwyane Wade's Friends Out The House | CLUB SHAY SHAY,https://www.youtube.com/watch?v=9mJZ-1zTGHU,210266,6:08,1,UCQoxJOkwaCgyzQtiuAIDcuw
271,Marshawn Lynch Owns A Home In Hawaii | CLUB SHAY SHAY,https://www.youtube.com/watch?v=jHaIqWM0ifk,213468,5:55,1,UCQoxJOkwaCgyzQtiuAIDcuw
291,Brittany Renner on Deion Sanders and What She Didn’t Like About Speaking At Jackson State,https://www.youtube.com/watch?v=pizDt0axuQg,215109,6:29,1,UCQoxJOkwaCgyzQtiuAIDcuw
478,Steve Harvey On Taking Blame For Miss Universe Error On Live TV & Drug Cartel Harassing Him | Ep. 78,https://www.youtube.com/watch?v=MHG2fdZjDoQ,219771,8:37,1,UCQoxJOkwaCgyzQtiuAIDcuw
264,"Will Smith and Jada Pinkett Smith Marriage, Will Smith Slapping Chris Rock - Tommy Davidson Reaction",https://www.youtube.com/watch?v=NWc4fnmdOZY,225349,3:03,1,UCQoxJOkwaCgyzQtiuAIDcuw
12,Mo’Nique Calls Out The Breakfast Club For Not Reporting On Netflix Settlement & “Donkey Of The Day”,https://www.youtube.com/watch?v=o85RuAMFT4Q,227585,4:12,1,UCQoxJOkwaCgyzQtiuAIDcuw
93,Katt Williams On Steve Harvey's Beef With Bernie Mac & Why Katt Declined The Kings of Comedy,https://www.youtube.com/watch?v=V9orq-KUZgA,230888,3:10,1,UCQoxJOkwaCgyzQtiuAIDcuw
61,Kountry Wayne Explains Why Tyler Perry Is Richer Than Will Smith & All Rappers | CLUB SHAY SHAY,https://www.youtube.com/watch?v=opD_H_HxV9M,231383,3:37,1,UCQoxJOkwaCgyzQtiuAIDcuw
283,Marshawn Lynch Walked Around With $3M On Him His Rookie Year For 3 Weeks While On The Buffalo Bills,https://www.youtube.com/watch?v=phyiceCvZrs,232820,9:04,1,UCQoxJOkwaCgyzQtiuAIDcuw
135,Polygamy in Africa vs America - Francis Ngannou Explains | CLUB SHAY SHAY,https://www.youtube.com/watch?v=1qrUi6n6-FQ,232931,5:55,1,UCQoxJOkwaCgyzQtiuAIDcuw
80,"Katt Williams on Faizon Love, Friday And Big Worm | CLUB SHAY SHAY",https://www.youtube.com/watch?v=ZWfaeINBAa8,233237,4:37,1,UCQoxJOkwaCgyzQtiuAIDcuw
293,"Brittany Renner Had Sex With 35 Men, Shannon Sharpe Left Speechless | CLUB SHAY SHAY",https://www.youtube.com/watch?v=2XzGETlKQoU,234539,4:43,1,UCQoxJOkwaCgyzQtiuAIDcuw
31,"Usher On Serenading Keke Palmer, Taraji P. Henson And Women At Legendary Las Vegas Residency",https://www.youtube.com/watch?v=Djvy4cgWYUY,235225,19:18,1,UCQoxJOkwaCgyzQtiuAIDcuw
111,Katt Williams on Rickey Smiley | CLUB SHAY SHAY,https://www.youtube.com/watch?v=7AHuu3ZkZks,236554,21:16,1,UCQoxJOkwaCgyzQtiuAIDcuw
160,“LeBron James was created in a lab. He could play until 45.” - Trevor Ariza | CLUB SHAY SHAY,https://www.youtube.com/watch?v=zbvxSU2q-8s,238387,6:02,1,UCQoxJOkwaCgyzQtiuAIDcuw
470,Steve Harvey On Buying Tyler Perry’s Mansion For $15M | Ep. 78 | CLUB SHAY SHAY,https://www.youtube.com/watch?v=jE1m74hHlEs,242170,2:49,1,UCQoxJOkwaCgyzQtiuAIDcuw
411,Ne-Yo & Taylor Swift Would Be A Toxic Couple | EP. 82 | CLUB SHAY SHAY,https://www.youtube.com/watch?v=QhWkorsKN_Y,251905,1:05:37,1,UCQoxJOkwaCgyzQtiuAIDcuw
21,Best of Katt Williams on Club Shay Shay,https://www.youtube.com/watch?v=aWnKS6cY1v0,255449,1:29:11,1,UCQoxJOkwaCgyzQtiuAIDcuw
47,"21 Savage on T.I. : ""Cheap as hell"" | CLUB SHAY SHAY",https://www.youtube.com/watch?v=HL0oMC_B-ZI,255828,7:01,1,UCQoxJOkwaCgyzQtiuAIDcuw
495,"Mendeecees made $100K in One Day as Drug Dealer, talks Friends Killing Friends, Women Setting Up Men",https://www.youtube.com/watch?v=af5LZidkfxE,259679,8:21,1,UCQoxJOkwaCgyzQtiuAIDcuw
64,Young Thug Made Kountry Wayne Stop Rapping & D.C. Young Fly Made Him Start Comedy | CLUB SHAY SHAY,https://www.youtube.com/watch?v=Jssrw2RCCiE,259963,8:41,1,UCQoxJOkwaCgyzQtiuAIDcuw
352,Stephen A. Smith On Kevin Durant’s Legacy: “I can’t put him above LeBron.” | EP. 85 | CLUB SHAY SHAY,https://www.youtube.com/watch?v=8rOlJv2L4Ds,265963,4:20,1,UCQoxJOkwaCgyzQtiuAIDcuw
348,Stephen A. Smith On People Hating On Pat McAfee’s Deal With ESPN & Learning How To Bet On Yourself,https://www.youtube.com/watch?v=HV8iICTpzhM,266205,3:59,1,UCQoxJOkwaCgyzQtiuAIDcuw
374,Dwyane Wade on Gabrielle Union’s 50/50 comment | EP. 84 | CLUB SHAY SHAY,https://www.youtube.com/watch?v=heSWnZ89qWo,270413,7:20,1,UCQoxJOkwaCgyzQtiuAIDcuw
3,Mo'Nique on Queens of Comedy Pay & Treatment vs Kings of Comedy | CLUB SHAY SHAY,https://www.youtube.com/watch?v=NPVgBgIa2kw,281118,12:49,1,UCQoxJOkwaCgyzQtiuAIDcuw
2,"Mo’Nique: If I was a white woman, my name would be Melissa McCarthy | CLUB SHAY SHAY",https://www.youtube.com/watch?v=lqhYLniU_8M,287820,20:01,1,UCQoxJOkwaCgyzQtiuAIDcuw
281,"Marshawn Lynch On Saving Money, Investing, Ownership And Gives Advice To Young NFL Players",https://www.youtube.com/watch?v=dCFp_mk010I,289146,30:27,1,UCQoxJOkwaCgyzQtiuAIDcuw
409,"Jay-Z Got Mad Ne-Yo Gave Mario ""Let Me Love You"" & Ne-Yo Believes He Could've Made It A Hit Too",https://www.youtube.com/watch?v=B3C7aDQ2p48,298771,3:48,1,UCQoxJOkwaCgyzQtiuAIDcuw
290,Brittany Renner On Sleeping With 3 Men In 24 Hours | CLUB SHAY SHAY,https://www.youtube.com/watch?v=cVIr8AJgykY,299089,9:58,1,UCQoxJOkwaCgyzQtiuAIDcuw
112,Katt Williams On Cedric The Entertainer & Steve Harvey | CLUB SHAY SHAY,https://www.youtube.com/watch?v=LkxkOS4Apg4,301213,28:50,1,UCQoxJOkwaCgyzQtiuAIDcuw
320,Dwyane Wade Details LeBron James' Recruitment To Miami Heat & Sharing Their Contract Information,https://www.youtube.com/watch?v=BX9G8Rv55_I,310234,17:14,1,UCQoxJOkwaCgyzQtiuAIDcuw
101,Katt Williams Turned Down $200M And Invested $25K Of Own Money In First Ever Stand-Up Special,https://www.youtube.com/watch?v=_L2ybwLrqEE,313734,6:48,1,UCQoxJOkwaCgyzQtiuAIDcuw
51,​​21 Savage On Drake Hate | CLUB SHAY SHAY,https://www.youtube.com/watch?v=MXcnn195-RQ,315834,5:57,1,UCQoxJOkwaCgyzQtiuAIDcuw
426,Tabitha Brown Reacts To Gabrielle Union & Dwyane Wade Marriage Being 50/50: 'Ours is 100/100',https://www.youtube.com/watch?v=YB6U9qcZw7c,319832,5:38,1,UCQoxJOkwaCgyzQtiuAIDcuw
82,"Katt Williams On Donald Trump, Joe Biden and Politics | CLUB SHAY SHAY",https://www.youtube.com/watch?v=Qq-J35bySsY,329581,2:01,1,UCQoxJOkwaCgyzQtiuAIDcuw
84,Katt Williams On Marriage | CLUB SHAY SHAY,https://www.youtube.com/watch?v=C3bCjsm3JMM,331234,5:32,1,UCQoxJOkwaCgyzQtiuAIDcuw
319,"Dwyane Wade Was Pissed When LeBron James Left Miami, Talks About Final Conversation & Dan Gilbert",https://www.youtube.com/watch?v=G0EAunqjG8w,331248,6:09,1,UCQoxJOkwaCgyzQtiuAIDcuw
256,Tommy Davidson on Jim Carrey Stepping Away from the Spotlight | CLUB SHAY SHAY,https://www.youtube.com/watch?v=SLBSVRul5Fg,337545,2:44,1,UCQoxJOkwaCgyzQtiuAIDcuw
86,Katt Williams’ Childhood: Reading 3000 Books a Year & Homeless at 13 In Florida with Drug Addicts,https://www.youtube.com/watch?v=00YZgtAnw6s,339620,19:17,1,UCQoxJOkwaCgyzQtiuAIDcuw
371,Stephen A. Smith Tells Shannon Sharpe Why He Wanted Him On ESPN’s First Take | EP. 85 CLUB SHAY SHAY,https://www.youtube.com/watch?v=k64hYAqeXc0,340981,15:12,1,UCQoxJOkwaCgyzQtiuAIDcuw
239,Rich Paul Settles LeBron vs Jordan Debate & Details Conversation With LeBron To Return To Cleveland,https://www.youtube.com/watch?v=o9nqMVnjhRM,341150,1:10:36,1,UCQoxJOkwaCgyzQtiuAIDcuw
230,Rich Paul On Athletes Spending $200K at Louis Vuitton But Want To Get Discounts From Agents,https://www.youtube.com/watch?v=gAdWCn54Nr4,343588,3:20,1,UCQoxJOkwaCgyzQtiuAIDcuw
22,Shannon Sharpe Takes Daughter To Usher’s Concert | CLUB SHAY SHAY,https://www.youtube.com/watch?v=XfQuuagQJ3Q,346969,1:43,1,UCQoxJOkwaCgyzQtiuAIDcuw
208,"Rick Ross And Lil Wayne Didn’t Hear Jay-Z’s ""God Did"" Verse Until the Song Was Released",https://www.youtube.com/watch?v=2ZaB8BxcU88,355661,17:21,1,UCQoxJOkwaCgyzQtiuAIDcuw
43,21 Savage's UK Accent Caused Fights As A Kid in Atlanta | CLUB SHAY SHAY,https://www.youtube.com/watch?v=TLm7MBfevjQ,358895,9:40,1,UCQoxJOkwaCgyzQtiuAIDcuw
130,Cristiano Ronaldo’s Best Gift To Francis Ngannou Wasn’t The $135K Watch | CLUB SHAY SHAY,https://www.youtube.com/watch?v=gxsTwb-gaik,372086,5:54,1,UCQoxJOkwaCgyzQtiuAIDcuw
335,"Chris Brown On Writing Rihanna’s “Disturbia"" | EP. 86 | CLUB SHAY SHAY",https://www.youtube.com/watch?v=ioLrPMADCJg,378509,4:16,1,UCQoxJOkwaCgyzQtiuAIDcuw
13,Mo’Nique to Tiffany Haddish: If you had a husband like mine you may not have two DUIs,https://www.youtube.com/watch?v=rhQjG8LI-LQ,400374,8:23,1,UCQoxJOkwaCgyzQtiuAIDcuw
464,Omarion on Nia Long & Dating Multiple Women at Once | EP. 79 | CLUB SHAY SHAY,https://www.youtube.com/watch?v=M_HyoOLQQGA,403824,1:22:26,1,UCQoxJOkwaCgyzQtiuAIDcuw
95,Katt Williams Was Homeless During Filming Of Friday After Next & Lost Teeth in an Accident,https://www.youtube.com/watch?v=SjVzYRKBBJw,404260,8:52,1,UCQoxJOkwaCgyzQtiuAIDcuw
356,Michael Jordan and Scottie Pippen Feud Broken Down By Stephen A. Smith & Shannon Sharpe,https://www.youtube.com/watch?v=-g1VudICbT8,408795,5:03,1,UCQoxJOkwaCgyzQtiuAIDcuw
103,Katt Williams Paid $75K on Icon’s Hollywood Walk Of Fame Star & Adopted 7 Kids | CLUB SHAY SHAY,https://www.youtube.com/watch?v=i3xUQCeHCkA,418468,11:00,1,UCQoxJOkwaCgyzQtiuAIDcuw
10,"Mo’Nique Paid $50K For PRECIOUS, Blackballed, Whoopi, Oprah, & Tyler Perry Wanting Her to Do More",https://www.youtube.com/watch?v=9EeoU_dRmJI,428326,15:06,1,UCQoxJOkwaCgyzQtiuAIDcuw
163,Trevor Ariza Picks Kobe Bryant Over LeBron James & Why Chris Paul Won't Win A Ring With The Warriors,https://www.youtube.com/watch?v=Fi0pyO3Jrw0,434179,1:39:40,1,UCQoxJOkwaCgyzQtiuAIDcuw
321,"Dwyane Wade on Shaq's Beef with Kobe Bryant, Winning A Ring Before Kobe & The Diss Track",https://www.youtube.com/watch?v=29PssFSnKRY,438446,8:37,1,UCQoxJOkwaCgyzQtiuAIDcuw
9,Mo’Nique on THE PARKERS Making $2 Billion+ And Fight With Network | CLUB SHAY SHAY,https://www.youtube.com/watch?v=q6fpZGtB-O0,440697,14:32,1,UCQoxJOkwaCgyzQtiuAIDcuw
78,"Katt Williams & Prince’s Friendship: Women, Cars, Business and Lyrics | CLUB SHAY SHAY",https://www.youtube.com/watch?v=5zJM68Twnvk,445784,2:10,1,UCQoxJOkwaCgyzQtiuAIDcuw
265,Will Smith Almost Beat Tommy Davidson Up For Kissing Jada Pinkett Smith | CLUB SHAY SHAY,https://www.youtube.com/watch?v=psp-LbxYju4,448439,9:37,1,UCQoxJOkwaCgyzQtiuAIDcuw
192,DaBaby On Meeting Beyoncé At P. Diddy’s Crib & Blue Ivy Playing ‘Shake Sumn’ For Solange’s Son,https://www.youtube.com/watch?v=5-44BiFtdFY,460889,1:21,1,UCQoxJOkwaCgyzQtiuAIDcuw
83,Katt Williams On Being Booed & Performing In Front Of White vs Black Audiences | CLUB SHAY SHAY,https://www.youtube.com/watch?v=luDehK4tFLk,465747,35:16,1,UCQoxJOkwaCgyzQtiuAIDcuw
90,Katt Williams On Going To Jail 30 Times | CLUB SHAY SHAY,https://www.youtube.com/watch?v=b1M-xd7Q-A0,501048,5:13,1,UCQoxJOkwaCgyzQtiuAIDcuw
449,Timbaland on Jay-Z & Drake Reaching Out During His Darkest Moments And Working With Missy Elliott,https://www.youtube.com/watch?v=A8jbY0jYv20,525311,1:20:49,1,UCQoxJOkwaCgyzQtiuAIDcuw
17,Mo'Nique On Oprah | CLUB SHAY SHAY,https://www.youtube.com/watch?v=Kz8fUZdWwIg,540838,54:37,1,UCQoxJOkwaCgyzQtiuAIDcuw
150,Kobe Bryant Was A Tougher Matchup Than LeBron James - Trevor Ariza explains | CLUB SHAY SHAY,https://www.youtube.com/watch?v=7Ay578wTDJY,560436,13:33,1,UCQoxJOkwaCgyzQtiuAIDcuw
14,Mo’Nique On D.L. Hughley | CLUB SHAY SHAY,https://www.youtube.com/watch?v=6lIS61UwaDY,568131,10:12,1,UCQoxJOkwaCgyzQtiuAIDcuw
81,Katt Williams On Mark Zuckerberg's $270M Bunker In Hawaii - Conspiracy Theory? | CLUB SHAY SHAY,https://www.youtube.com/watch?v=bWYcLb4WQ84,574836,1:41,1,UCQoxJOkwaCgyzQtiuAIDcuw
213,"DJ Khaled Thanks Jay-Z Daily, Clears Tony Yayo's Story And Misses Drake's DM Before He Blew Up",https://www.youtube.com/watch?v=-AuMp18LFuY,576443,1:22:17,1,UCQoxJOkwaCgyzQtiuAIDcuw
16,Mo'Nique on Taraji P. Henson’s Tears Over Hollywood Pay Disparity | CLUB SHAY SHAY,https://www.youtube.com/watch?v=ZzOocP__L_I,576720,15:20,1,UCQoxJOkwaCgyzQtiuAIDcuw
89,Katt Williams On Michael Blackson | CLUB SHAY SHAY,https://www.youtube.com/watch?v=1uzxbKMxse8,590321,2:12,1,UCQoxJOkwaCgyzQtiuAIDcuw
105,"Katt Williams On Net Worth: “I’m one of the richest men that ever lived."" | CLUB SHAY SHAY",https://www.youtube.com/watch?v=9vdUE4-Nb0k,667466,9:34,1,UCQoxJOkwaCgyzQtiuAIDcuw
6,Mo'Nique On Rumor Shannon Sharpe Only Dates White Women | CLUB SHAY SHAY,https://www.youtube.com/watch?v=ybuxzl_IM6E,680959,8:16,1,UCQoxJOkwaCgyzQtiuAIDcuw
52,21 Savage's Chilling Story Of Being Shot 6 Times And Watching Friend Die On 21st Birthday,https://www.youtube.com/watch?v=v5cEtisTEr8,681456,36:59,1,UCQoxJOkwaCgyzQtiuAIDcuw
261,Jennifer Lopez Did Tommy Davidson Dirty | CLUB SHAY SHAY,https://www.youtube.com/watch?v=7oc2GrooZkA,685539,6:43,1,UCQoxJOkwaCgyzQtiuAIDcuw
170,The Rock Isn’t A Top 4 Wrestler According To Ric Flair | CLUB SHAY SHAY,https://www.youtube.com/watch?v=7S0kImk9eOs,725394,10:29,1,UCQoxJOkwaCgyzQtiuAIDcuw
98,Katt Williams Protected Nick Cannon | CLUB SHAY SHAY,https://www.youtube.com/watch?v=GY02vKZ1uWc,740407,1:58,1,UCQoxJOkwaCgyzQtiuAIDcuw
109,Katt Williams on Steve Harvey | CLUB SHAY SHAY,https://www.youtube.com/watch?v=3lIqEwWdLC0,762875,9:30,1,UCQoxJOkwaCgyzQtiuAIDcuw
479,Denzel Washington teaches Steve Harvey the difference between a TV star & Movie star | Ep. 78,https://www.youtube.com/watch?v=LNbYf6UaFbo,765403,3:20,1,UCQoxJOkwaCgyzQtiuAIDcuw
162,James Harden’s Former Teammate Spills The Tea On How Harden Was In The Locker Room via Trevor Ariza,https://www.youtube.com/watch?v=nafogmrcvYI,782984,14:56,1,UCQoxJOkwaCgyzQtiuAIDcuw
177,Ric Flair Tearfully Opens Up About Son Tragically Dying From Overdose & Discovering Him,https://www.youtube.com/watch?v=tEK9WgNgSNA,799132,5:31,1,UCQoxJOkwaCgyzQtiuAIDcuw
100,Katt Williams Talks Ice Cube’s Pay In Friday Movies and Cutting R*pe Scene From Friday After Next,https://www.youtube.com/watch?v=dgNifLCuvow,802672,8:55,1,UCQoxJOkwaCgyzQtiuAIDcuw
15,Mo'Nique on Katt Williams Being A Truth Teller | CLUB SHAY SHAY,https://www.youtube.com/watch?v=OU6dFIaTeXg,819900,15:28,1,UCQoxJOkwaCgyzQtiuAIDcuw
179,"Ric Flair Makes You Cry, Laugh & Smile In This Episode | CLUB SHAY SHAY",https://www.youtube.com/watch?v=O-5UVLw4phM,829063,1:50:05,1,UCQoxJOkwaCgyzQtiuAIDcuw
99,Katt Williams on Ludacris | CLUB SHAY SHAY,https://www.youtube.com/watch?v=2o-BsDE-g4g,871781,1:32,1,UCQoxJOkwaCgyzQtiuAIDcuw
141,"Francis Ngannou Calls Out Tyson Fury, Jon Jones, Deontay Wilder, Anthony Joshua, Dana White and UFC",https://www.youtube.com/watch?v=GJXxHedHAfw,886156,2:04:21,1,UCQoxJOkwaCgyzQtiuAIDcuw
108,Katt Williams on Martin Lawrence & Big Momma's House 2 | CLUB SHAY SHAY,https://www.youtube.com/watch?v=qcQQishcSco,904656,1:52,1,UCQoxJOkwaCgyzQtiuAIDcuw
73,Kountry Wayne Fires Off On Faizon Love | CLUB SHAY SHAY,https://www.youtube.com/watch?v=6v59uasaU7U,965294,12:44,1,UCQoxJOkwaCgyzQtiuAIDcuw
251,"Bruce Bruce Shares Insane Biggie Story, Steve Harvey's Impact and Legendary Atlanta Freaknik Tales",https://www.youtube.com/watch?v=ifSHIB6MbfU,969300,1:13:37,1,UCQoxJOkwaCgyzQtiuAIDcuw
85,Katt Williams Destroys Atlanta Radio Host Wanda Smith | CLUB SHAY SHAY,https://www.youtube.com/watch?v=nvIO2Jx7tXc,1060277,7:03,1,UCQoxJOkwaCgyzQtiuAIDcuw
18,Mo'Nique on Tyler Perry Losing Her Family $10M+ | CLUB SHAY SHAY,https://www.youtube.com/watch?v=4I8WCZjfZoA,1074032,38:04,1,UCQoxJOkwaCgyzQtiuAIDcuw
104,Katt Williams On Why Chris Tucker Can't Do Another Friday Movie | CLUB SHAY SHAY,https://www.youtube.com/watch?v=wpSCkNJCGU4,1133263,2:03,1,UCQoxJOkwaCgyzQtiuAIDcuw
102,Katt Williams Clears Air On Loaning Migos Money & Blessing Comedians With Money | CLUB SHAY SHAY,https://www.youtube.com/watch?v=DfCKdjAanuc,1156571,8:04,1,UCQoxJOkwaCgyzQtiuAIDcuw
74,Kountry Wayne Goes Off On Jess Hilarious | CLUB SHAY SHAY,https://www.youtube.com/watch?v=7cwdZy0TSQc,1178509,5:59,1,UCQoxJOkwaCgyzQtiuAIDcuw
285,Marshawn Lynch On Russell Wilson Calling Him From A Blocked Number: I don’t have his number,https://www.youtube.com/watch?v=XPRnOI9gmt8,1290769,9:10,1,UCQoxJOkwaCgyzQtiuAIDcuw
200,DaBaby Rapped Better Than Jay-Z on Kanye's 'Jail' & Picked Lamelo Ball over Victor Wembanyama,https://www.youtube.com/watch?v=WKBnATbvE80,1364953,1:55:54,1,UCQoxJOkwaCgyzQtiuAIDcuw
481,Steve Harvey's Beef With Bernie Mac and Cedric The Entertainer & Bombing First Night After Mom Died,https://www.youtube.com/watch?v=-ja1l9iWNJ4,1456289,14:29,1,UCQoxJOkwaCgyzQtiuAIDcuw
94,Katt Williams on Kanye West & Kim Kardashian | CLUB SHAY SHAY,https://www.youtube.com/watch?v=Uh0b2syYQW8,1468260,3:07,1,UCQoxJOkwaCgyzQtiuAIDcuw
284,Aaron Rodgers Took The Blame For Marshawn Lynch | CLUB SHAY SHAY,https://www.youtube.com/watch?v=fQ_UlJNAeeU,1480005,4:35,1,UCQoxJOkwaCgyzQtiuAIDcuw
106,Katt Williams On Jonathan Majors | CLUB SHAY SHAY,https://www.youtube.com/watch?v=83uZzNPHwxY,1555944,2:35,1,UCQoxJOkwaCgyzQtiuAIDcuw
282,Marshawn Lynch Laughed In Pete Carroll’s Face When Russell Wilson Threw Super Bowl 49 Interception,https://www.youtube.com/watch?v=dezZX-zjJec,1689305,14:52,1,UCQoxJOkwaCgyzQtiuAIDcuw
127,"Kirk Franklin's Unforgettable Conversation With Shannon Sharpe - Laughs, Emotions & Prayers",https://www.youtube.com/watch?v=GcpMvbtvhbE,1712662,2:06:19,1,UCQoxJOkwaCgyzQtiuAIDcuw
428,Tabitha Brown Almost Converts Shannon Sharpe To Go Vegan & Chance/Tabitha Break Down Their Marriage,https://www.youtube.com/watch?v=XbDVWr3XFyw,1722784,1:30:28,1,UCQoxJOkwaCgyzQtiuAIDcuw
368,Stephen A. Smith & Shannon Sharpe Open Up About Skip Bayless | EP. 85 | CLUB SHAY SHAY,https://www.youtube.com/watch?v=2ctp0v8QFho,1840458,6:48,1,UCQoxJOkwaCgyzQtiuAIDcuw
266,"Tommy Davidson on Will Smith Fight, Jamie Foxx Fallout, Jennifer Lopez Shade & Wayans Family",https://www.youtube.com/watch?v=VEaWexlJies,1912915,1:43:27,1,UCQoxJOkwaCgyzQtiuAIDcuw
369,First EVER LeBron vs Jordan Debate With Stephen A. Smith & Shannon Sharpe | EP. 85 CLUB SHAY SHAY,https://www.youtube.com/watch?v=UL-9X15ooqM,1985477,13:48,1,UCQoxJOkwaCgyzQtiuAIDcuw
294,"Brittany Renner Shut Club Shay Shay Down, Talking Body Count & Deion Sanders | CLUB SHAY SHAY",https://www.youtube.com/watch?v=okuKb2qfeps,2019277,1:46:57,1,UCQoxJOkwaCgyzQtiuAIDcuw
107,Katt Williams On Taraji P. Henson | CLUB SHAY SHAY,https://www.youtube.com/watch?v=_1JDvqwtroc,2081014,2:40,1,UCQoxJOkwaCgyzQtiuAIDcuw
19,Mo'Nique On Kevin Hart | CLUB SHAY SHAY,https://www.youtube.com/watch?v=3xncTmpkbD8,2132411,8:29,1,UCQoxJOkwaCgyzQtiuAIDcuw
91,Katt Williams On Dave Chappelle Walking Away From $50 Million | CLUB SHAY SHAY,https://www.youtube.com/watch?v=7BnvF4-_hh4,2160748,3:08,1,UCQoxJOkwaCgyzQtiuAIDcuw
342,"Chris Brown Gives Advice To His Younger Self, Ja Morant, Zion Williamson And More | CLUB SHAY SHAY",https://www.youtube.com/watch?v=6DQbd2rIYxY,2521319,1:07:45,1,UCQoxJOkwaCgyzQtiuAIDcuw
110,Katt Williams on Kevin Hart | CLUB SHAY SHAY,https://www.youtube.com/watch?v=b9Mun1d_fkI,2792881,16:07,1,UCQoxJOkwaCgyzQtiuAIDcuw
92,"Katt Williams on Diddy, Harvey Weinstein, R. Kelly And Michael Jackson | CLUB SHAY SHAY",https://www.youtube.com/watch?v=kpFNUPFRW_o,2827379,14:29,1,UCQoxJOkwaCgyzQtiuAIDcuw
33,"Usher On Babysitting Beyoncé, Mega Group With Jay-Z, Pharrell & Diddy & The Super Bowl Halftime Show",https://www.youtube.com/watch?v=Fa0jhYh3nhE,3128586,1:06:37,1,UCQoxJOkwaCgyzQtiuAIDcuw
375,"Dwyane Wade on LeBron Retiring, Gabrielle Union 50/50 Comment, Jimmy Butler and Miami Heat | EP. 84",https://www.youtube.com/watch?v=9EYhx1M2s1o,3234529,2:11:49,1,UCQoxJOkwaCgyzQtiuAIDcuw
286,"Marshawn Lynch On Russell Wilson Blocking Him, Great Aaron Rodgers Story & Seahawks Super Bowl Drama",https://www.youtube.com/watch?v=MyKxwnUd500,3453138,1:53:13,1,UCQoxJOkwaCgyzQtiuAIDcuw
54,"21 Savage's American Dream - Untold Stories From London, England to East Atlanta Zone 6",https://www.youtube.com/watch?v=_fT7xi8cJPU,3568158,2:01:40,1,UCQoxJOkwaCgyzQtiuAIDcuw
372,"Stephen A. Smith on Skip Bayless, First Take, LeBron vs Jordan & More With Shannon Sharpe | EP. 85",https://www.youtube.com/watch?v=kl4Fr1sYu0U,3761791,1:56:07,1,UCQoxJOkwaCgyzQtiuAIDcuw
76,"Kountry Wayne Talks $20M From Social Media, Cheating, BBLs, Calls Out Jess Hilarious & Faizon Love",https://www.youtube.com/watch?v=-Jsvu19Pe4U,6212271,2:28:46,1,UCQoxJOkwaCgyzQtiuAIDcuw
113,"Katt Williams Calls Out Steve Harvey, Kevin Hart, Cedric The Entertainer, and Rickey Smiley",https://www.youtube.com/watch?v=nARu4hfaQKc,8165432,35:23,1,UCQoxJOkwaCgyzQtiuAIDcuw
487,"Steve Harvey on Divorces, Showering In Bathrooms, Importance Of Women & Daughter Lori | EP. 78",https://www.youtube.com/watch?v=SEUlZVBP-j8,11068786,2:00:14,1,UCQoxJOkwaCgyzQtiuAIDcuw
20,Mo'Nique on Hollywood | CLUB SHAY SHAY,https://www.youtube.com/watch?v=q1PVr6AeUT0,11477889,2:55:21,1,UCQoxJOkwaCgyzQtiuAIDcuw
114,Katt Williams Unleashed | CLUB SHAY SHAY,https://www.youtube.com/watch?v=8oRRZiRQxTs,58962997,2:46:05,1,UCQoxJOkwaCgyzQtiuAIDcuw
